year,gennme,state,quarter,suppression,totalRX
2017,Allopurinol,AK,1,F,602
2017,Allopurinol,AK,1,T,0
2017,Febuxostat,AK,1,F,73
2017,Allopurinol,AK,2,F,623
2017,Allopurinol,AK,2,T,0
2017,Febuxostat,AK,2,F,88
2017,Allopurinol,AK,3,F,737
2017,Allopurinol,AK,3,T,0
2017,Febuxostat,AK,3,F,91
2017,Allopurinol,AK,4,F,542
2017,Allopurinol,AK,4,T,0
2017,Febuxostat,AK,4,F,80
2017,Allopurinol,AL,1,F,2352
2017,Allopurinol,AL,1,T,0
2017,Febuxostat,AL,1,F,469
2017,Allopurinol,AL,2,F,2385
2017,Allopurinol,AL,2,T,0
2017,Febuxostat,AL,2,F,475
2017,Allopurinol,AL,3,F,2368
2017,Allopurinol,AL,3,T,0
2017,Febuxostat,AL,3,F,434
2017,Allopurinol,AL,4,F,2424
2017,Allopurinol,AL,4,T,0
2017,Febuxostat,AL,4,F,459
2017,Allopurinol,AR,1,F,1284
2017,Allopurinol,AR,1,T,0
2017,Febuxostat,AR,1,T,0
2017,Allopurinol,AR,2,F,1480
2017,Allopurinol,AR,2,T,0
2017,Febuxostat,AR,2,T,0
2017,Allopurinol,AR,3,F,1607
2017,Allopurinol,AR,3,T,0
2017,Febuxostat,AR,3,T,0
2017,Allopurinol,AR,4,F,1504
2017,Allopurinol,AR,4,T,0
2017,Febuxostat,AR,4,T,0
2017,Allopurinol,AZ,1,F,6510
2017,Allopurinol,AZ,1,T,0
2017,Febuxostat,AZ,1,F,420
2017,Febuxostat,AZ,1,T,0
2017,Allopurinol,AZ,2,F,6943
2017,Allopurinol,AZ,2,T,0
2017,Febuxostat,AZ,2,F,467
2017,Febuxostat,AZ,2,T,0
2017,Allopurinol,AZ,3,F,6991
2017,Allopurinol,AZ,3,T,0
2017,Febuxostat,AZ,3,F,425
2017,Febuxostat,AZ,3,T,0
2017,Allopurinol,AZ,4,F,6653
2017,Allopurinol,AZ,4,T,0
2017,Febuxostat,AZ,4,F,429
2017,Febuxostat,AZ,4,T,0
2017,Allopurinol,CA,1,F,47216
2017,Allopurinol,CA,1,T,0
2017,Febuxostat,CA,1,F,2601
2017,Allopurinol,CA,2,F,49991
2017,Allopurinol,CA,2,T,0
2017,Febuxostat,CA,2,F,2836
2017,Allopurinol,CA,3,F,49254
2017,Allopurinol,CA,3,T,0
2017,Febuxostat,CA,3,F,2822
2017,Allopurinol,CA,4,F,49748
2017,Allopurinol,CA,4,T,0
2017,Febuxostat,CA,4,F,2861
2017,Allopurinol,CO,1,F,3277
2017,Allopurinol,CO,1,T,0
2017,Febuxostat,CO,1,F,252
2017,Febuxostat,CO,1,T,0
2017,Allopurinol,CO,2,F,3583
2017,Allopurinol,CO,2,T,0
2017,Febuxostat,CO,2,F,329
2017,Febuxostat,CO,2,T,0
2017,Allopurinol,CO,3,F,3567
2017,Allopurinol,CO,3,T,0
2017,Febuxostat,CO,3,F,345
2017,Febuxostat,CO,3,T,0
2017,Allopurinol,CO,4,F,3360
2017,Allopurinol,CO,4,T,0
2017,Febuxostat,CO,4,F,307
2017,Febuxostat,CO,4,T,0
2017,Allopurinol,CT,1,F,2616
2017,Allopurinol,CT,1,T,0
2017,Febuxostat,CT,1,F,243
2017,Allopurinol,CT,2,F,2629
2017,Allopurinol,CT,2,T,0
2017,Febuxostat,CT,2,F,271
2017,Allopurinol,CT,3,F,2652
2017,Allopurinol,CT,3,T,0
2017,Febuxostat,CT,3,F,272
2017,Allopurinol,CT,4,F,2730
2017,Allopurinol,CT,4,T,0
2017,Febuxostat,CT,4,F,243
2017,Allopurinol,DC,1,F,943
2017,Allopurinol,DC,1,T,0
2017,Febuxostat,DC,1,T,0
2017,Allopurinol,DC,2,F,939
2017,Allopurinol,DC,2,T,0
2017,Febuxostat,DC,2,T,0
2017,Allopurinol,DC,3,F,790
2017,Allopurinol,DC,3,T,0
2017,Febuxostat,DC,3,F,17
2017,Febuxostat,DC,3,T,0
2017,Allopurinol,DC,4,F,941
2017,Allopurinol,DC,4,T,0
2017,Febuxostat,DC,4,F,19
2017,Febuxostat,DC,4,T,0
2017,Allopurinol,DE,1,F,608
2017,Allopurinol,DE,1,T,0
2017,Febuxostat,DE,1,F,20
2017,Febuxostat,DE,1,T,0
2017,Allopurinol,DE,2,F,717
2017,Allopurinol,DE,2,T,0
2017,Febuxostat,DE,2,F,22
2017,Febuxostat,DE,2,T,0
2017,Allopurinol,DE,3,F,745
2017,Allopurinol,DE,3,T,0
2017,Febuxostat,DE,3,F,27
2017,Febuxostat,DE,3,T,0
2017,Allopurinol,DE,4,F,628
2017,Allopurinol,DE,4,T,0
2017,Febuxostat,DE,4,F,26
2017,Febuxostat,DE,4,T,0
2017,Allopurinol,FL,1,F,9198
2017,Allopurinol,FL,1,T,0
2017,Febuxostat,FL,1,F,197
2017,Febuxostat,FL,1,T,0
2017,Allopurinol,FL,2,F,12020
2017,Allopurinol,FL,2,T,0
2017,Febuxostat,FL,2,F,241
2017,Febuxostat,FL,2,T,0
2017,Allopurinol,FL,3,F,9989
2017,Allopurinol,FL,3,T,0
2017,Febuxostat,FL,3,F,221
2017,Febuxostat,FL,3,T,0
2017,Allopurinol,FL,4,F,9809
2017,Allopurinol,FL,4,T,0
2017,Febuxostat,FL,4,F,211
2017,Febuxostat,FL,4,T,0
2017,Allopurinol,GA,1,F,5593
2017,Allopurinol,GA,1,T,0
2017,Febuxostat,GA,1,F,169
2017,Febuxostat,GA,1,T,0
2017,Allopurinol,GA,2,F,5844
2017,Allopurinol,GA,2,T,0
2017,Febuxostat,GA,2,F,188
2017,Febuxostat,GA,2,T,0
2017,Allopurinol,GA,3,F,5829
2017,Allopurinol,GA,3,T,0
2017,Febuxostat,GA,3,F,195
2017,Febuxostat,GA,3,T,0
2017,Allopurinol,GA,4,F,5871
2017,Allopurinol,GA,4,T,0
2017,Febuxostat,GA,4,F,187
2017,Febuxostat,GA,4,T,0
2017,Allopurinol,HI,1,F,5268
2017,Allopurinol,HI,1,T,0
2017,Febuxostat,HI,1,F,368
2017,Febuxostat,HI,1,T,0
2017,Allopurinol,HI,2,F,5214
2017,Allopurinol,HI,2,T,0
2017,Febuxostat,HI,2,F,376
2017,Allopurinol,HI,3,F,4404
2017,Allopurinol,HI,3,T,0
2017,Febuxostat,HI,3,F,294
2017,Allopurinol,HI,4,F,3944
2017,Allopurinol,HI,4,T,0
2017,Febuxostat,HI,4,F,257
2017,Allopurinol,IA,1,F,828
2017,Allopurinol,IA,1,T,0
2017,Febuxostat,IA,1,F,13
2017,Febuxostat,IA,1,T,0
2017,Allopurinol,IA,2,F,904
2017,Allopurinol,IA,2,T,0
2017,Febuxostat,IA,2,F,18
2017,Febuxostat,IA,2,T,0
2017,Allopurinol,IA,3,F,1044
2017,Allopurinol,IA,3,T,0
2017,Febuxostat,IA,3,F,24
2017,Febuxostat,IA,3,T,0
2017,Allopurinol,IA,4,F,1173
2017,Allopurinol,IA,4,T,0
2017,Febuxostat,IA,4,F,26
2017,Febuxostat,IA,4,T,0
2017,Allopurinol,ID,1,F,672
2017,Allopurinol,ID,1,T,0
2017,Febuxostat,ID,1,T,0
2017,Allopurinol,ID,2,F,634
2017,Allopurinol,ID,2,T,0
2017,Febuxostat,ID,2,F,16
2017,Febuxostat,ID,2,T,0
2017,Allopurinol,ID,3,F,691
2017,Allopurinol,ID,3,T,0
2017,Febuxostat,ID,3,F,16
2017,Febuxostat,ID,3,T,0
2017,Allopurinol,ID,4,F,686
2017,Allopurinol,ID,4,T,0
2017,Febuxostat,ID,4,F,18
2017,Febuxostat,ID,4,T,0
2017,Allopurinol,IL,1,F,19410
2017,Allopurinol,IL,1,T,0
2017,Febuxostat,IL,1,F,375
2017,Allopurinol,IL,2,F,13551
2017,Allopurinol,IL,2,T,0
2017,Febuxostat,IL,2,F,261
2017,Allopurinol,IL,3,F,14283
2017,Allopurinol,IL,3,T,0
2017,Febuxostat,IL,3,F,272
2017,Allopurinol,IL,4,F,14086
2017,Allopurinol,IL,4,T,0
2017,Febuxostat,IL,4,F,293
2017,Allopurinol,IN,1,F,5260
2017,Allopurinol,IN,1,T,0
2017,Febuxostat,IN,1,F,373
2017,Allopurinol,IN,2,F,5474
2017,Allopurinol,IN,2,T,0
2017,Febuxostat,IN,2,F,388
2017,Allopurinol,IN,3,F,5678
2017,Allopurinol,IN,3,T,0
2017,Febuxostat,IN,3,F,330
2017,Febuxostat,IN,3,T,0
2017,Allopurinol,IN,4,F,5794
2017,Allopurinol,IN,4,T,0
2017,Febuxostat,IN,4,F,352
2017,Allopurinol,KS,1,F,826
2017,Allopurinol,KS,1,T,0
2017,Febuxostat,KS,1,F,43
2017,Allopurinol,KS,2,F,1973
2017,Allopurinol,KS,2,T,0
2017,Febuxostat,KS,2,F,126
2017,Allopurinol,KS,3,F,700
2017,Allopurinol,KS,3,T,0
2017,Febuxostat,KS,3,F,38
2017,Febuxostat,KS,3,T,0
2017,Allopurinol,KS,4,F,744
2017,Allopurinol,KS,4,T,0
2017,Febuxostat,KS,4,F,57
2017,Allopurinol,KY,1,F,10319
2017,Allopurinol,KY,1,T,0
2017,Febuxostat,KY,1,F,774
2017,Febuxostat,KY,1,T,0
2017,Allopurinol,KY,2,F,7303
2017,Allopurinol,KY,2,T,0
2017,Febuxostat,KY,2,F,304
2017,Febuxostat,KY,2,T,0
2017,Allopurinol,KY,3,F,10893
2017,Allopurinol,KY,3,T,0
2017,Febuxostat,KY,3,F,759
2017,Febuxostat,KY,3,T,0
2017,Allopurinol,KY,4,F,10825
2017,Allopurinol,KY,4,T,0
2017,Febuxostat,KY,4,F,800
2017,Febuxostat,KY,4,T,0
2017,Allopurinol,LA,1,F,6764
2017,Allopurinol,LA,1,T,0
2017,Febuxostat,LA,1,F,225
2017,Febuxostat,LA,1,T,0
2017,Allopurinol,LA,2,F,8090
2017,Allopurinol,LA,2,T,0
2017,Febuxostat,LA,2,F,283
2017,Febuxostat,LA,2,T,0
2017,Allopurinol,LA,3,F,7749
2017,Allopurinol,LA,3,T,0
2017,Febuxostat,LA,3,F,274
2017,Febuxostat,LA,3,T,0
2017,Allopurinol,LA,4,F,7842
2017,Allopurinol,LA,4,T,0
2017,Febuxostat,LA,4,F,312
2017,Allopurinol,MA,1,F,6299
2017,Allopurinol,MA,1,T,0
2017,Febuxostat,MA,1,F,222
2017,Allopurinol,MA,2,F,6777
2017,Allopurinol,MA,2,T,0
2017,Febuxostat,MA,2,F,254
2017,Allopurinol,MA,3,F,6002
2017,Allopurinol,MA,3,T,0
2017,Febuxostat,MA,3,F,227
2017,Allopurinol,MA,4,F,6039
2017,Allopurinol,MA,4,T,0
2017,Febuxostat,MA,4,F,230
2017,Allopurinol,MD,1,F,5144
2017,Allopurinol,MD,1,T,0
2017,Febuxostat,MD,1,F,220
2017,Febuxostat,MD,1,T,0
2017,Allopurinol,MD,2,F,5045
2017,Allopurinol,MD,2,T,0
2017,Febuxostat,MD,2,F,220
2017,Allopurinol,MD,3,F,4634
2017,Allopurinol,MD,3,T,0
2017,Febuxostat,MD,3,F,214
2017,Allopurinol,MD,4,F,5056
2017,Allopurinol,MD,4,T,0
2017,Febuxostat,MD,4,F,248
2017,Febuxostat,MD,4,T,0
2017,Allopurinol,ME,1,F,430
2017,Allopurinol,ME,1,T,0
2017,Febuxostat,ME,1,F,16
2017,Febuxostat,ME,1,T,0
2017,Allopurinol,ME,2,F,463
2017,Allopurinol,ME,2,T,0
2017,Febuxostat,ME,2,F,31
2017,Febuxostat,ME,2,T,0
2017,Allopurinol,ME,3,F,431
2017,Allopurinol,ME,3,T,0
2017,Febuxostat,ME,3,F,35
2017,Febuxostat,ME,3,T,0
2017,Allopurinol,ME,4,F,436
2017,Allopurinol,ME,4,T,0
2017,Febuxostat,ME,4,F,45
2017,Allopurinol,MI,1,F,12813
2017,Allopurinol,MI,1,T,0
2017,Febuxostat,MI,1,F,312
2017,Allopurinol,MI,2,F,13251
2017,Allopurinol,MI,2,T,0
2017,Febuxostat,MI,2,F,315
2017,Febuxostat,MI,2,T,0
2017,Allopurinol,MI,3,F,13344
2017,Allopurinol,MI,3,T,0
2017,Febuxostat,MI,3,F,349
2017,Febuxostat,MI,3,T,0
2017,Allopurinol,MI,4,F,13358
2017,Allopurinol,MI,4,T,0
2017,Febuxostat,MI,4,F,303
2017,Febuxostat,MI,4,T,0
2017,Allopurinol,MN,1,F,6578
2017,Allopurinol,MN,1,T,0
2017,Febuxostat,MN,1,F,300
2017,Febuxostat,MN,1,T,0
2017,Allopurinol,MN,2,F,7007
2017,Allopurinol,MN,2,T,0
2017,Febuxostat,MN,2,F,321
2017,Febuxostat,MN,2,T,0
2017,Allopurinol,MN,3,F,7036
2017,Allopurinol,MN,3,T,0
2017,Febuxostat,MN,3,F,273
2017,Febuxostat,MN,3,T,0
2017,Allopurinol,MN,4,F,7022
2017,Allopurinol,MN,4,T,0
2017,Febuxostat,MN,4,F,274
2017,Febuxostat,MN,4,T,0
2017,Allopurinol,MO,1,F,3616
2017,Allopurinol,MO,1,T,0
2017,Febuxostat,MO,1,F,197
2017,Allopurinol,MO,2,F,3502
2017,Allopurinol,MO,2,T,0
2017,Febuxostat,MO,2,F,210
2017,Allopurinol,MO,3,F,3682
2017,Allopurinol,MO,3,T,0
2017,Febuxostat,MO,3,F,240
2017,Allopurinol,MO,4,F,3651
2017,Allopurinol,MO,4,T,0
2017,Allopurinol Sodium,MO,4,T,0
2017,Febuxostat,MO,4,F,232
2017,Allopurinol,MS,1,F,1613
2017,Allopurinol,MS,1,T,0
2017,Febuxostat,MS,1,F,73
2017,Febuxostat,MS,1,T,0
2017,Allopurinol,MS,2,F,1736
2017,Allopurinol,MS,2,T,0
2017,Febuxostat,MS,2,F,79
2017,Febuxostat,MS,2,T,0
2017,Allopurinol,MS,3,F,1659
2017,Allopurinol,MS,3,T,0
2017,Febuxostat,MS,3,F,73
2017,Febuxostat,MS,3,T,0
2017,Allopurinol,MS,4,F,1615
2017,Allopurinol,MS,4,T,0
2017,Febuxostat,MS,4,F,69
2017,Febuxostat,MS,4,T,0
2017,Allopurinol,MT,1,F,991
2017,Allopurinol,MT,1,T,0
2017,Febuxostat,MT,1,F,61
2017,Allopurinol,MT,2,F,1153
2017,Allopurinol,MT,2,T,0
2017,Febuxostat,MT,2,F,68
2017,Allopurinol,MT,3,F,1149
2017,Allopurinol,MT,3,T,0
2017,Febuxostat,MT,3,F,70
2017,Allopurinol,MT,4,F,1229
2017,Allopurinol,MT,4,T,0
2017,Febuxostat,MT,4,F,88
2017,Allopurinol,NC,1,F,4964
2017,Allopurinol,NC,1,T,0
2017,Febuxostat,NC,1,F,772
2017,Allopurinol,NC,2,F,4264
2017,Allopurinol,NC,2,T,0
2017,Febuxostat,NC,2,F,646
2017,Allopurinol,NC,3,F,4929
2017,Allopurinol,NC,3,T,0
2017,Febuxostat,NC,3,F,767
2017,Allopurinol,NC,4,F,4106
2017,Allopurinol,NC,4,T,0
2017,Febuxostat,NC,4,F,643
2017,Allopurinol,ND,1,F,212
2017,Allopurinol,ND,1,T,0
2017,Febuxostat,ND,1,T,0
2017,Allopurinol,ND,2,F,272
2017,Allopurinol,ND,2,T,0
2017,Febuxostat,ND,2,T,0
2017,Allopurinol,ND,3,F,250
2017,Allopurinol,ND,3,T,0
2017,Febuxostat,ND,3,T,0
2017,Allopurinol,ND,4,F,242
2017,Allopurinol,ND,4,T,0
2017,Febuxostat,ND,4,T,0
2017,Allopurinol,NE,1,F,496
2017,Allopurinol,NE,1,T,0
2017,Febuxostat,NE,1,F,21
2017,Febuxostat,NE,1,T,0
2017,Allopurinol,NE,2,F,534
2017,Allopurinol,NE,2,T,0
2017,Febuxostat,NE,2,F,19
2017,Febuxostat,NE,2,T,0
2017,Allopurinol,NE,3,F,635
2017,Allopurinol,NE,3,T,0
2017,Febuxostat,NE,3,F,31
2017,Allopurinol,NE,4,F,644
2017,Allopurinol,NE,4,T,0
2017,Febuxostat,NE,4,F,32
2017,Allopurinol,NH,1,F,172
2017,Allopurinol,NH,1,T,0
2017,Febuxostat,NH,1,T,0
2017,Allopurinol,NH,2,F,202
2017,Allopurinol,NH,2,T,0
2017,Febuxostat,NH,2,T,0
2017,Allopurinol,NH,3,F,203
2017,Allopurinol,NH,3,T,0
2017,Febuxostat,NH,3,T,0
2017,Allopurinol,NH,4,F,245
2017,Allopurinol,NH,4,T,0
2017,Febuxostat,NH,4,T,0
2017,Allopurinol,NJ,1,F,6113
2017,Allopurinol,NJ,1,T,0
2017,Febuxostat,NJ,1,F,371
2017,Febuxostat,NJ,1,T,0
2017,Allopurinol,NJ,2,F,6324
2017,Allopurinol,NJ,2,T,0
2017,Febuxostat,NJ,2,F,427
2017,Febuxostat,NJ,2,T,0
2017,Allopurinol,NJ,3,F,6791
2017,Allopurinol,NJ,3,T,0
2017,Febuxostat,NJ,3,F,416
2017,Febuxostat,NJ,3,T,0
2017,Allopurinol,NJ,4,F,6606
2017,Allopurinol,NJ,4,T,0
2017,Febuxostat,NJ,4,F,393
2017,Febuxostat,NJ,4,T,0
2017,Allopurinol,NM,1,F,2536
2017,Allopurinol,NM,1,T,0
2017,Febuxostat,NM,1,F,91
2017,Febuxostat,NM,1,T,0
2017,Allopurinol,NM,2,F,2526
2017,Allopurinol,NM,2,T,0
2017,Febuxostat,NM,2,F,86
2017,Febuxostat,NM,2,T,0
2017,Allopurinol,NM,3,F,2463
2017,Allopurinol,NM,3,T,0
2017,Febuxostat,NM,3,F,96
2017,Allopurinol,NM,4,F,2208
2017,Allopurinol,NM,4,T,0
2017,Febuxostat,NM,4,F,76
2017,Febuxostat,NM,4,T,0
2017,Allopurinol,NV,1,F,3744
2017,Allopurinol,NV,1,T,0
2017,Febuxostat,NV,1,F,201
2017,Allopurinol,NV,2,F,3571
2017,Allopurinol,NV,2,T,0
2017,Febuxostat,NV,2,F,200
2017,Allopurinol,NV,3,F,3585
2017,Allopurinol,NV,3,T,0
2017,Febuxostat,NV,3,F,197
2017,Allopurinol,NV,4,F,3466
2017,Allopurinol,NV,4,T,0
2017,Febuxostat,NV,4,F,189
2017,Allopurinol,NY,1,F,23858
2017,Allopurinol,NY,1,T,0
2017,Febuxostat,NY,1,F,1543
2017,Allopurinol,NY,2,F,24970
2017,Allopurinol,NY,2,T,0
2017,Febuxostat,NY,2,F,1588
2017,Febuxostat,NY,2,T,0
2017,Allopurinol,NY,3,F,26243
2017,Allopurinol,NY,3,T,0
2017,Febuxostat,NY,3,F,1721
2017,Allopurinol,NY,4,F,25709
2017,Allopurinol,NY,4,T,0
2017,Febuxostat,NY,4,F,1623
2017,Allopurinol,OH,1,F,20381
2017,Allopurinol,OH,1,T,0
2017,Febuxostat,OH,1,F,891
2017,Allopurinol,OH,2,F,24343
2017,Allopurinol,OH,2,T,0
2017,Febuxostat,OH,2,F,1173
2017,Allopurinol,OH,3,F,18732
2017,Allopurinol,OH,3,T,0
2017,Febuxostat,OH,3,F,854
2017,Allopurinol,OH,4,F,18632
2017,Allopurinol,OH,4,T,0
2017,Febuxostat,OH,4,F,845
2017,Allopurinol,OK,1,F,1133
2017,Allopurinol,OK,1,T,0
2017,Febuxostat,OK,1,F,57
2017,Allopurinol,OK,2,F,1146
2017,Allopurinol,OK,2,T,0
2017,Febuxostat,OK,2,F,59
2017,Allopurinol,OK,3,F,1109
2017,Allopurinol,OK,3,T,0
2017,Febuxostat,OK,3,F,67
2017,Allopurinol,OK,4,F,1075
2017,Allopurinol,OK,4,T,0
2017,Febuxostat,OK,4,F,70
2017,Allopurinol,OR,1,F,4896
2017,Allopurinol,OR,1,T,0
2017,Febuxostat,OR,1,F,137
2017,Febuxostat,OR,1,T,0
2017,Allopurinol,OR,2,F,6906
2017,Allopurinol,OR,2,T,0
2017,Febuxostat,OR,2,F,214
2017,Febuxostat,OR,2,T,0
2017,Allopurinol,OR,3,F,4788
2017,Allopurinol,OR,3,T,0
2017,Febuxostat,OR,3,F,142
2017,Febuxostat,OR,3,T,0
2017,Allopurinol,OR,4,F,4708
2017,Allopurinol,OR,4,T,0
2017,Febuxostat,OR,4,F,154
2017,Febuxostat,OR,4,T,0
2017,Allopurinol,PA,1,F,10620
2017,Allopurinol,PA,1,T,0
2017,Febuxostat,PA,1,F,371
2017,Febuxostat,PA,1,T,0
2017,Allopurinol,PA,2,F,15966
2017,Allopurinol,PA,2,T,0
2017,Febuxostat,PA,2,F,542
2017,Febuxostat,PA,2,T,0
2017,Allopurinol,PA,3,F,11657
2017,Allopurinol,PA,3,T,0
2017,Febuxostat,PA,3,F,408
2017,Febuxostat,PA,3,T,0
2017,Allopurinol,PA,4,F,11588
2017,Allopurinol,PA,4,T,0
2017,Febuxostat,PA,4,F,392
2017,Febuxostat,PA,4,T,0
2017,Allopurinol,RI,1,F,1206
2017,Allopurinol,RI,1,T,0
2017,Febuxostat,RI,1,F,45
2017,Allopurinol,RI,2,F,1272
2017,Allopurinol,RI,2,T,0
2017,Febuxostat,RI,2,F,49
2017,Allopurinol,RI,3,F,1348
2017,Allopurinol,RI,3,T,0
2017,Febuxostat,RI,3,F,49
2017,Allopurinol,RI,4,F,1343
2017,Allopurinol,RI,4,T,0
2017,Febuxostat,RI,4,F,42
2017,Allopurinol,SC,1,F,1834
2017,Allopurinol,SC,1,T,0
2017,Febuxostat,SC,1,F,118
2017,Febuxostat,SC,1,T,0
2017,Allopurinol,SC,2,F,1880
2017,Allopurinol,SC,2,T,0
2017,Febuxostat,SC,2,F,137
2017,Febuxostat,SC,2,T,0
2017,Allopurinol,SC,3,F,2041
2017,Allopurinol,SC,3,T,0
2017,Febuxostat,SC,3,F,130
2017,Febuxostat,SC,3,T,0
2017,Allopurinol,SC,4,F,2015
2017,Allopurinol,SC,4,T,0
2017,Febuxostat,SC,4,F,129
2017,Febuxostat,SC,4,T,0
2017,Allopurinol,SD,1,F,113
2017,Allopurinol,SD,1,T,0
2017,Febuxostat,SD,1,F,13
2017,Febuxostat,SD,1,T,0
2017,Allopurinol,SD,2,F,150
2017,Allopurinol,SD,2,T,0
2017,Febuxostat,SD,2,F,29
2017,Allopurinol,SD,3,F,93
2017,Allopurinol,SD,3,T,0
2017,Febuxostat,SD,3,T,0
2017,Allopurinol,SD,4,F,108
2017,Allopurinol,SD,4,T,0
2017,Febuxostat,SD,4,T,0
2017,Allopurinol,TN,1,F,4061
2017,Allopurinol,TN,1,T,0
2017,Febuxostat,TN,1,F,223
2017,Allopurinol,TN,2,F,4004
2017,Allopurinol,TN,2,T,0
2017,Febuxostat,TN,2,F,233
2017,Allopurinol,TN,3,F,4043
2017,Allopurinol,TN,3,T,0
2017,Febuxostat,TN,3,F,220
2017,Allopurinol,TN,4,F,4153
2017,Allopurinol,TN,4,T,0
2017,Febuxostat,TN,4,F,222
2017,Allopurinol,TX,1,F,7379
2017,Allopurinol,TX,1,T,0
2017,Febuxostat,TX,1,F,567
2017,Febuxostat,TX,1,T,0
2017,Allopurinol,TX,2,F,7720
2017,Allopurinol,TX,2,T,0
2017,Febuxostat,TX,2,F,563
2017,Febuxostat,TX,2,T,0
2017,Allopurinol,TX,3,F,7840
2017,Allopurinol,TX,3,T,0
2017,Febuxostat,TX,3,F,594
2017,Febuxostat,TX,3,T,0
2017,Allopurinol,TX,4,F,7932
2017,Allopurinol,TX,4,T,0
2017,Febuxostat,TX,4,F,589
2017,Febuxostat,TX,4,T,0
2017,Allopurinol,UT,1,F,560
2017,Allopurinol,UT,1,T,0
2017,Febuxostat,UT,1,F,39
2017,Febuxostat,UT,1,T,0
2017,Allopurinol,UT,2,F,577
2017,Allopurinol,UT,2,T,0
2017,Febuxostat,UT,2,F,39
2017,Febuxostat,UT,2,T,0
2017,Allopurinol,UT,3,F,614
2017,Allopurinol,UT,3,T,0
2017,Febuxostat,UT,3,F,19
2017,Febuxostat,UT,3,T,0
2017,Allopurinol,UT,4,F,643
2017,Allopurinol,UT,4,T,0
2017,Febuxostat,UT,4,F,19
2017,Febuxostat,UT,4,T,0
2017,Allopurinol,VA,1,F,3431
2017,Allopurinol,VA,1,T,0
2017,Febuxostat,VA,1,F,295
2017,Febuxostat,VA,1,T,0
2017,Allopurinol,VA,2,F,3514
2017,Allopurinol,VA,2,T,0
2017,Febuxostat,VA,2,F,292
2017,Febuxostat,VA,2,T,0
2017,Allopurinol,VA,3,F,3793
2017,Allopurinol,VA,3,T,0
2017,Febuxostat,VA,3,F,303
2017,Febuxostat,VA,3,T,0
2017,Allopurinol,VA,4,F,3858
2017,Allopurinol,VA,4,T,0
2017,Febuxostat,VA,4,F,297
2017,Febuxostat,VA,4,T,0
2017,Allopurinol,VT,1,F,362
2017,Allopurinol,VT,1,T,0
2017,Febuxostat,VT,1,F,18
2017,Febuxostat,VT,1,T,0
2017,Allopurinol,VT,2,F,333
2017,Allopurinol,VT,2,T,0
2017,Febuxostat,VT,2,T,0
2017,Allopurinol,VT,3,F,287
2017,Allopurinol,VT,3,T,0
2017,Febuxostat,VT,3,F,12
2017,Febuxostat,VT,3,T,0
2017,Allopurinol,VT,4,F,273
2017,Allopurinol,VT,4,T,0
2017,Febuxostat,VT,4,T,0
2017,Allopurinol,WA,1,F,6489
2017,Allopurinol,WA,1,T,0
2017,Febuxostat,WA,1,F,273
2017,Febuxostat,WA,1,T,0
2017,Allopurinol,WA,2,F,6315
2017,Allopurinol,WA,2,T,0
2017,Febuxostat,WA,2,F,276
2017,Febuxostat,WA,2,T,0
2017,Allopurinol,WA,3,F,8381
2017,Allopurinol,WA,3,T,0
2017,Febuxostat,WA,3,F,364
2017,Febuxostat,WA,3,T,0
2017,Allopurinol,WA,4,F,6348
2017,Allopurinol,WA,4,T,0
2017,Febuxostat,WA,4,F,274
2017,Febuxostat,WA,4,T,0
2017,Allopurinol,WI,1,F,4345
2017,Allopurinol,WI,1,T,0
2017,Febuxostat,WI,1,F,430
2017,Febuxostat,WI,1,T,0
2017,Allopurinol,WI,2,F,4357
2017,Allopurinol,WI,2,T,0
2017,Febuxostat,WI,2,F,409
2017,Febuxostat,WI,2,T,0
2017,Allopurinol,WI,3,F,4307
2017,Allopurinol,WI,3,T,0
2017,Febuxostat,WI,3,F,402
2017,Febuxostat,WI,3,T,0
2017,Allopurinol,WI,4,F,4249
2017,Allopurinol,WI,4,T,0
2017,Febuxostat,WI,4,F,362
2017,Febuxostat,WI,4,T,0
2017,Allopurinol,WV,1,F,4522
2017,Allopurinol,WV,1,T,0
2017,Febuxostat,WV,1,F,221
2017,Allopurinol,WV,2,F,4496
2017,Allopurinol,WV,2,T,0
2017,Febuxostat,WV,2,F,217
2017,Febuxostat,WV,2,T,0
2017,Allopurinol,WV,3,F,3005
2017,Allopurinol,WV,3,T,0
2017,Febuxostat,WV,3,F,122
2017,Allopurinol,WV,4,F,4597
2017,Allopurinol,WV,4,T,0
2017,Febuxostat,WV,4,F,201
2017,Allopurinol,WY,1,F,78
2017,Allopurinol,WY,1,T,0
2017,Febuxostat,WY,1,T,0
2017,Allopurinol,WY,2,F,75
2017,Allopurinol,WY,2,T,0
2017,Febuxostat,WY,2,T,0
2017,Allopurinol,WY,3,F,35
2017,Allopurinol,WY,3,T,0
2017,Febuxostat,WY,3,T,0
2017,Allopurinol,WY,4,F,53
2017,Allopurinol,WY,4,T,0
2018,Allopurinol,AK,1,F,577
2018,Allopurinol,AK,1,T,0
2018,Febuxostat,AK,1,F,86
2018,Allopurinol,AK,2,F,433
2018,Allopurinol,AK,2,T,0
2018,Febuxostat,AK,2,F,36
2018,Febuxostat,AK,2,T,0
2018,Allopurinol,AK,3,F,820
2018,Allopurinol,AK,3,T,0
2018,Febuxostat,AK,3,F,97
2018,Allopurinol,AK,4,F,587
2018,Allopurinol,AK,4,T,0
2018,Febuxostat,AK,4,F,61
2018,Allopurinol,AL,1,F,2491
2018,Allopurinol,AL,1,T,0
2018,Febuxostat,AL,1,F,411
2018,Allopurinol,AL,2,F,2428
2018,Allopurinol,AL,2,T,0
2018,Febuxostat,AL,2,F,422
2018,Allopurinol,AL,3,F,2396
2018,Allopurinol,AL,3,T,0
2018,Febuxostat,AL,3,F,440
2018,Allopurinol,AL,4,F,2447
2018,Allopurinol,AL,4,T,0
2018,Febuxostat,AL,4,F,431
2018,Allopurinol,AR,1,F,1454
2018,Allopurinol,AR,1,T,0
2018,Febuxostat,AR,1,T,0
2018,Allopurinol,AR,2,F,1439
2018,Allopurinol,AR,2,T,0
2018,Febuxostat,AR,2,T,0
2018,Allopurinol,AR,3,F,1572
2018,Allopurinol,AR,3,T,0
2018,Febuxostat,AR,3,T,0
2018,Allopurinol,AR,4,F,1670
2018,Allopurinol,AR,4,T,0
2018,Febuxostat,AR,4,T,0
2018,Allopurinol,AZ,1,F,6503
2018,Allopurinol,AZ,1,T,0
2018,Febuxostat,AZ,1,F,409
2018,Febuxostat,AZ,1,T,0
2018,Allopurinol,AZ,2,F,6482
2018,Allopurinol,AZ,2,T,0
2018,Febuxostat,AZ,2,F,388
2018,Febuxostat,AZ,2,T,0
2018,Allopurinol,AZ,3,F,6468
2018,Allopurinol,AZ,3,T,0
2018,Febuxostat,AZ,3,F,368
2018,Febuxostat,AZ,3,T,0
2018,Allopurinol,AZ,4,F,6280
2018,Allopurinol,AZ,4,T,0
2018,Febuxostat,AZ,4,F,323
2018,Allopurinol,CA,1,F,48791
2018,Allopurinol,CA,1,T,0
2018,Febuxostat,CA,1,F,2820
2018,Allopurinol,CA,2,F,49289
2018,Allopurinol,CA,2,T,0
2018,Febuxostat,CA,2,F,2749
2018,Allopurinol,CA,3,F,49684
2018,Allopurinol,CA,3,T,0
2018,Febuxostat,CA,3,F,2776
2018,Allopurinol,CA,4,F,49637
2018,Allopurinol,CA,4,T,0
2018,Febuxostat,CA,4,F,2744
2018,Allopurinol,CO,1,F,3070
2018,Allopurinol,CO,1,T,0
2018,Febuxostat,CO,1,F,318
2018,Febuxostat,CO,1,T,0
2018,Allopurinol,CO,2,F,3244
2018,Allopurinol,CO,2,T,0
2018,Febuxostat,CO,2,F,360
2018,Febuxostat,CO,2,T,0
2018,Allopurinol,CO,3,F,3047
2018,Allopurinol,CO,3,T,0
2018,Febuxostat,CO,3,F,340
2018,Febuxostat,CO,3,T,0
2018,Allopurinol,CO,4,F,3196
2018,Allopurinol,CO,4,T,0
2018,Febuxostat,CO,4,F,313
2018,Febuxostat,CO,4,T,0
2018,Allopurinol,CT,1,F,2900
2018,Allopurinol,CT,1,T,0
2018,Febuxostat,CT,1,F,239
2018,Allopurinol,CT,2,F,2762
2018,Allopurinol,CT,2,T,0
2018,Febuxostat,CT,2,F,232
2018,Allopurinol,CT,3,F,2759
2018,Allopurinol,CT,3,T,0
2018,Febuxostat,CT,3,F,218
2018,Allopurinol,CT,4,F,2689
2018,Allopurinol,CT,4,T,0
2018,Febuxostat,CT,4,F,241
2018,Allopurinol,DC,1,F,901
2018,Allopurinol,DC,1,T,0
2018,Febuxostat,DC,1,F,16
2018,Febuxostat,DC,1,T,0
2018,Allopurinol,DC,2,F,912
2018,Allopurinol,DC,2,T,0
2018,Febuxostat,DC,2,F,13
2018,Febuxostat,DC,2,T,0
2018,Allopurinol,DC,3,F,808
2018,Allopurinol,DC,3,T,0
2018,Febuxostat,DC,3,T,0
2018,Allopurinol,DC,4,F,933
2018,Allopurinol,DC,4,T,0
2018,Febuxostat,DC,4,T,0
2018,Allopurinol,DE,1,F,567
2018,Allopurinol,DE,1,T,0
2018,Febuxostat,DE,1,F,24
2018,Febuxostat,DE,1,T,0
2018,Allopurinol,DE,2,F,658
2018,Allopurinol,DE,2,T,0
2018,Febuxostat,DE,2,F,29
2018,Febuxostat,DE,2,T,0
2018,Allopurinol,DE,3,F,623
2018,Allopurinol,DE,3,T,0
2018,Febuxostat,DE,3,F,32
2018,Febuxostat,DE,3,T,0
2018,Allopurinol,DE,4,F,600
2018,Allopurinol,DE,4,T,0
2018,Febuxostat,DE,4,F,28
2018,Febuxostat,DE,4,T,0
2018,Allopurinol,FL,1,F,9754
2018,Allopurinol,FL,1,T,0
2018,Febuxostat,FL,1,F,204
2018,Febuxostat,FL,1,T,0
2018,Allopurinol,FL,2,F,9539
2018,Allopurinol,FL,2,T,0
2018,Febuxostat,FL,2,F,197
2018,Febuxostat,FL,2,T,0
2018,Allopurinol,FL,3,F,9432
2018,Allopurinol,FL,3,T,0
2018,Febuxostat,FL,3,F,212
2018,Febuxostat,FL,3,T,0
2018,Allopurinol,FL,4,F,9191
2018,Allopurinol,FL,4,T,0
2018,Febuxostat,FL,4,F,231
2018,Febuxostat,FL,4,T,0
2018,Allopurinol,GA,1,F,5912
2018,Allopurinol,GA,1,T,0
2018,Febuxostat,GA,1,F,186
2018,Febuxostat,GA,1,T,0
2018,Allopurinol,GA,2,F,6068
2018,Allopurinol,GA,2,T,0
2018,Febuxostat,GA,2,F,195
2018,Febuxostat,GA,2,T,0
2018,Allopurinol,GA,3,F,5799
2018,Allopurinol,GA,3,T,0
2018,Febuxostat,GA,3,F,214
2018,Febuxostat,GA,3,T,0
2018,Allopurinol,GA,4,F,5868
2018,Allopurinol,GA,4,T,0
2018,Febuxostat,GA,4,F,220
2018,Febuxostat,GA,4,T,0
2018,Allopurinol,HI,1,F,4504
2018,Allopurinol,HI,1,T,0
2018,Febuxostat,HI,1,F,318
2018,Allopurinol,HI,2,F,4654
2018,Allopurinol,HI,2,T,0
2018,Febuxostat,HI,2,F,361
2018,Allopurinol,HI,3,F,4336
2018,Allopurinol,HI,3,T,0
2018,Febuxostat,HI,3,F,334
2018,Allopurinol,HI,4,F,3797
2018,Allopurinol,HI,4,T,0
2018,Febuxostat,HI,4,F,303
2018,Allopurinol,IA,1,F,1048
2018,Allopurinol,IA,1,T,0
2018,Febuxostat,IA,1,T,0
2018,Allopurinol,IA,2,F,1134
2018,Allopurinol,IA,2,T,0
2018,Febuxostat,IA,2,F,22
2018,Febuxostat,IA,2,T,0
2018,Allopurinol,IA,3,F,1137
2018,Allopurinol,IA,3,T,0
2018,Febuxostat,IA,3,F,26
2018,Febuxostat,IA,3,T,0
2018,Allopurinol,IA,4,F,1193
2018,Allopurinol,IA,4,T,0
2018,Febuxostat,IA,4,F,25
2018,Febuxostat,IA,4,T,0
2018,Allopurinol,ID,1,F,674
2018,Allopurinol,ID,1,T,0
2018,Febuxostat,ID,1,F,20
2018,Febuxostat,ID,1,T,0
2018,Allopurinol,ID,2,F,697
2018,Allopurinol,ID,2,T,0
2018,Febuxostat,ID,2,F,13
2018,Febuxostat,ID,2,T,0
2018,Allopurinol,ID,3,F,693
2018,Allopurinol,ID,3,T,0
2018,Febuxostat,ID,3,F,15
2018,Febuxostat,ID,3,T,0
2018,Allopurinol,ID,4,F,763
2018,Allopurinol,ID,4,T,0
2018,Febuxostat,ID,4,F,14
2018,Febuxostat,ID,4,T,0
2018,Allopurinol,IL,1,F,13694
2018,Allopurinol,IL,1,T,0
2018,Febuxostat,IL,1,F,259
2018,Allopurinol,IL,2,F,13736
2018,Allopurinol,IL,2,T,0
2018,Febuxostat,IL,2,F,208
2018,Febuxostat,IL,2,T,0
2018,Allopurinol,IL,3,F,14139
2018,Allopurinol,IL,3,T,0
2018,Febuxostat,IL,3,F,192
2018,Febuxostat,IL,3,T,0
2018,Allopurinol,IL,4,F,14215
2018,Allopurinol,IL,4,T,0
2018,Febuxostat,IL,4,F,210
2018,Febuxostat,IL,4,T,0
2018,Allopurinol,IN,1,F,5441
2018,Allopurinol,IN,1,T,0
2018,Febuxostat,IN,1,F,351
2018,Allopurinol,IN,2,F,5602
2018,Allopurinol,IN,2,T,0
2018,Febuxostat,IN,2,F,362
2018,Allopurinol,IN,3,F,5436
2018,Allopurinol,IN,3,T,0
2018,Allopurinol Sodium,IN,3,T,0
2018,Febuxostat,IN,3,F,377
2018,Allopurinol,IN,4,F,5367
2018,Allopurinol,IN,4,T,0
2018,Febuxostat,IN,4,F,371
2018,Allopurinol,KS,1,F,817
2018,Allopurinol,KS,1,T,0
2018,Febuxostat,KS,1,F,58
2018,Allopurinol,KS,2,F,774
2018,Allopurinol,KS,2,T,0
2018,Febuxostat,KS,2,F,55
2018,Allopurinol,KS,3,F,776
2018,Allopurinol,KS,3,T,0
2018,Febuxostat,KS,3,F,52
2018,Allopurinol,KS,4,F,810
2018,Allopurinol,KS,4,T,0
2018,Febuxostat,KS,4,F,55
2018,Allopurinol,KY,1,F,10901
2018,Allopurinol,KY,1,T,0
2018,Febuxostat,KY,1,F,714
2018,Febuxostat,KY,1,T,0
2018,Allopurinol,KY,2,F,10979
2018,Allopurinol,KY,2,T,0
2018,Febuxostat,KY,2,F,686
2018,Febuxostat,KY,2,T,0
2018,Allopurinol,KY,3,F,11156
2018,Allopurinol,KY,3,T,0
2018,Febuxostat,KY,3,F,721
2018,Febuxostat,KY,3,T,0
2018,Allopurinol,KY,4,F,11272
2018,Allopurinol,KY,4,T,0
2018,Febuxostat,KY,4,F,711
2018,Febuxostat,KY,4,T,0
2018,Allopurinol,LA,1,F,7907
2018,Allopurinol,LA,1,T,0
2018,Febuxostat,LA,1,F,291
2018,Febuxostat,LA,1,T,0
2018,Allopurinol,LA,2,F,8491
2018,Allopurinol,LA,2,T,0
2018,Febuxostat,LA,2,F,288
2018,Febuxostat,LA,2,T,0
2018,Allopurinol,LA,3,F,8757
2018,Allopurinol,LA,3,T,0
2018,Febuxostat,LA,3,F,289
2018,Febuxostat,LA,3,T,0
2018,Allopurinol,LA,4,F,8782
2018,Allopurinol,LA,4,T,0
2018,Febuxostat,LA,4,F,259
2018,Febuxostat,LA,4,T,0
2018,Allopurinol,MA,1,F,6161
2018,Allopurinol,MA,1,T,0
2018,Febuxostat,MA,1,F,244
2018,Allopurinol,MA,2,F,7033
2018,Allopurinol,MA,2,T,0
2018,Febuxostat,MA,2,F,266
2018,Allopurinol,MA,3,F,6489
2018,Allopurinol,MA,3,T,0
2018,Febuxostat,MA,3,F,241
2018,Allopurinol,MA,4,F,7222
2018,Allopurinol,MA,4,T,0
2018,Febuxostat,MA,4,F,255
2018,Allopurinol,MD,1,F,5061
2018,Allopurinol,MD,1,T,0
2018,Febuxostat,MD,1,F,256
2018,Febuxostat,MD,1,T,0
2018,Allopurinol,MD,2,F,5098
2018,Allopurinol,MD,2,T,0
2018,Febuxostat,MD,2,F,230
2018,Febuxostat,MD,2,T,0
2018,Allopurinol,MD,3,F,5143
2018,Allopurinol,MD,3,T,0
2018,Febuxostat,MD,3,F,208
2018,Febuxostat,MD,3,T,0
2018,Allopurinol,MD,4,F,5116
2018,Allopurinol,MD,4,T,0
2018,Febuxostat,MD,4,F,215
2018,Febuxostat,MD,4,T,0
2018,Allopurinol,ME,1,F,282
2018,Allopurinol,ME,1,T,0
2018,Febuxostat,ME,1,F,23
2018,Febuxostat,ME,1,T,0
2018,Allopurinol,ME,2,F,281
2018,Allopurinol,ME,2,T,0
2018,Febuxostat,ME,2,F,23
2018,Febuxostat,ME,2,T,0
2018,Allopurinol,ME,3,F,250
2018,Allopurinol,ME,3,T,0
2018,Febuxostat,ME,3,F,23
2018,Febuxostat,ME,3,T,0
2018,Allopurinol,ME,4,F,272
2018,Allopurinol,ME,4,T,0
2018,Febuxostat,ME,4,F,25
2018,Febuxostat,ME,4,T,0
2018,Allopurinol,MI,1,F,13433
2018,Allopurinol,MI,1,T,0
2018,Febuxostat,MI,1,F,280
2018,Febuxostat,MI,1,T,0
2018,Allopurinol,MI,2,F,13681
2018,Allopurinol,MI,2,T,0
2018,Febuxostat,MI,2,F,315
2018,Febuxostat,MI,2,T,0
2018,Allopurinol,MI,3,F,13730
2018,Allopurinol,MI,3,T,0
2018,Febuxostat,MI,3,F,276
2018,Febuxostat,MI,3,T,0
2018,Allopurinol,MI,4,F,13488
2018,Allopurinol,MI,4,T,0
2018,Febuxostat,MI,4,F,309
2018,Febuxostat,MI,4,T,0
2018,Allopurinol,MN,1,F,5796
2018,Allopurinol,MN,1,T,0
2018,Febuxostat,MN,1,F,143
2018,Febuxostat,MN,1,T,0
2018,Allopurinol,MN,2,F,6003
2018,Allopurinol,MN,2,T,0
2018,Febuxostat,MN,2,F,139
2018,Febuxostat,MN,2,T,0
2018,Allopurinol,MN,3,F,5618
2018,Allopurinol,MN,3,T,0
2018,Febuxostat,MN,3,F,138
2018,Febuxostat,MN,3,T,0
2018,Allopurinol,MN,4,F,5584
2018,Allopurinol,MN,4,T,0
2018,Febuxostat,MN,4,F,175
2018,Febuxostat,MN,4,T,0
2018,Allopurinol,MO,1,F,3588
2018,Allopurinol,MO,1,T,0
2018,Febuxostat,MO,1,F,235
2018,Allopurinol,MO,2,F,3616
2018,Allopurinol,MO,2,T,0
2018,Febuxostat,MO,2,F,241
2018,Allopurinol,MO,3,F,3604
2018,Allopurinol,MO,3,T,0
2018,Febuxostat,MO,3,F,219
2018,Allopurinol,MO,4,F,3614
2018,Allopurinol,MO,4,T,0
2018,Febuxostat,MO,4,F,235
2018,Allopurinol,MS,1,F,1639
2018,Allopurinol,MS,1,T,0
2018,Febuxostat,MS,1,F,73
2018,Febuxostat,MS,1,T,0
2018,Allopurinol,MS,2,F,1699
2018,Allopurinol,MS,2,T,0
2018,Febuxostat,MS,2,F,60
2018,Febuxostat,MS,2,T,0
2018,Allopurinol,MS,3,F,1695
2018,Allopurinol,MS,3,T,0
2018,Febuxostat,MS,3,F,65
2018,Febuxostat,MS,3,T,0
2018,Allopurinol,MS,4,F,1805
2018,Allopurinol,MS,4,T,0
2018,Febuxostat,MS,4,F,58
2018,Febuxostat,MS,4,T,0
2018,Allopurinol,MT,1,F,1237
2018,Allopurinol,MT,1,T,0
2018,Febuxostat,MT,1,F,68
2018,Allopurinol,MT,2,F,1379
2018,Allopurinol,MT,2,T,0
2018,Febuxostat,MT,2,F,86
2018,Allopurinol,MT,3,F,1137
2018,Allopurinol,MT,3,T,0
2018,Febuxostat,MT,3,F,88
2018,Allopurinol,MT,4,F,1385
2018,Allopurinol,MT,4,T,0
2018,Febuxostat,MT,4,F,101
2018,Allopurinol,NC,1,F,4776
2018,Allopurinol,NC,1,T,0
2018,Febuxostat,NC,1,F,691
2018,Allopurinol,NC,2,F,3921
2018,Allopurinol,NC,2,T,0
2018,Febuxostat,NC,2,F,582
2018,Allopurinol,NC,3,F,4605
2018,Allopurinol,NC,3,T,0
2018,Febuxostat,NC,3,F,640
2018,Allopurinol,NC,4,F,3962
2018,Allopurinol,NC,4,T,0
2018,Febuxostat,NC,4,F,544
2018,Allopurinol,ND,1,F,252
2018,Allopurinol,ND,1,T,0
2018,Febuxostat,ND,1,T,0
2018,Allopurinol,ND,2,F,245
2018,Allopurinol,ND,2,T,0
2018,Febuxostat,ND,2,T,0
2018,Allopurinol,ND,3,F,226
2018,Allopurinol,ND,3,T,0
2018,Febuxostat,ND,3,T,0
2018,Allopurinol,ND,4,F,185
2018,Allopurinol,ND,4,T,0
2018,Febuxostat,ND,4,T,0
2018,Allopurinol,NE,1,F,833
2018,Allopurinol,NE,1,T,0
2018,Febuxostat,NE,1,F,26
2018,Febuxostat,NE,1,T,0
2018,Allopurinol,NE,2,F,934
2018,Allopurinol,NE,2,T,0
2018,Febuxostat,NE,2,F,28
2018,Febuxostat,NE,2,T,0
2018,Allopurinol,NE,3,F,744
2018,Allopurinol,NE,3,T,0
2018,Febuxostat,NE,3,F,23
2018,Febuxostat,NE,3,T,0
2018,Allopurinol,NE,4,F,784
2018,Allopurinol,NE,4,T,0
2018,Febuxostat,NE,4,F,22
2018,Febuxostat,NE,4,T,0
2018,Allopurinol,NH,1,F,207
2018,Allopurinol,NH,1,T,0
2018,Febuxostat,NH,1,T,0
2018,Allopurinol,NH,2,F,240
2018,Allopurinol,NH,2,T,0
2018,Febuxostat,NH,2,F,14
2018,Allopurinol,NH,3,F,187
2018,Allopurinol,NH,3,T,0
2018,Febuxostat,NH,3,T,0
2018,Allopurinol,NH,4,F,231
2018,Allopurinol,NH,4,T,0
2018,Febuxostat,NH,4,F,17
2018,Allopurinol,NJ,1,F,6295
2018,Allopurinol,NJ,1,T,0
2018,Febuxostat,NJ,1,F,384
2018,Febuxostat,NJ,1,T,0
2018,Allopurinol,NJ,2,F,6273
2018,Allopurinol,NJ,2,T,0
2018,Febuxostat,NJ,2,F,368
2018,Febuxostat,NJ,2,T,0
2018,Allopurinol,NJ,3,F,6279
2018,Allopurinol,NJ,3,T,0
2018,Febuxostat,NJ,3,F,350
2018,Febuxostat,NJ,3,T,0
2018,Allopurinol,NJ,4,F,6084
2018,Allopurinol,NJ,4,T,0
2018,Febuxostat,NJ,4,F,338
2018,Febuxostat,NJ,4,T,0
2018,Allopurinol,NM,1,F,2516
2018,Allopurinol,NM,1,T,0
2018,Febuxostat,NM,1,F,92
2018,Febuxostat,NM,1,T,0
2018,Allopurinol,NM,2,F,2004
2018,Allopurinol,NM,2,T,0
2018,Febuxostat,NM,2,F,78
2018,Febuxostat,NM,2,T,0
2018,Allopurinol,NM,3,F,2410
2018,Allopurinol,NM,3,T,0
2018,Febuxostat,NM,3,F,90
2018,Febuxostat,NM,3,T,0
2018,Allopurinol,NM,4,F,2019
2018,Allopurinol,NM,4,T,0
2018,Febuxostat,NM,4,F,64
2018,Allopurinol,NV,1,F,3521
2018,Allopurinol,NV,1,T,0
2018,Febuxostat,NV,1,F,137
2018,Febuxostat,NV,1,T,0
2018,Allopurinol,NV,2,F,3537
2018,Allopurinol,NV,2,T,0
2018,Febuxostat,NV,2,F,196
2018,Allopurinol,NV,3,F,3411
2018,Allopurinol,NV,3,T,0
2018,Febuxostat,NV,3,F,178
2018,Allopurinol,NV,4,F,3406
2018,Allopurinol,NV,4,T,0
2018,Febuxostat,NV,4,F,179
2018,Allopurinol,NY,1,F,25962
2018,Allopurinol,NY,1,T,0
2018,Febuxostat,NY,1,F,1686
2018,Allopurinol,NY,2,F,26532
2018,Allopurinol,NY,2,T,0
2018,Febuxostat,NY,2,F,1658
2018,Allopurinol,NY,3,F,26116
2018,Allopurinol,NY,3,T,0
2018,Febuxostat,NY,3,F,1633
2018,Allopurinol,NY,4,F,23934
2018,Allopurinol,NY,4,T,0
2018,Febuxostat,NY,4,F,1645
2018,Allopurinol,OH,1,F,18407
2018,Allopurinol,OH,1,T,0
2018,Febuxostat,OH,1,F,800
2018,Allopurinol,OH,2,F,20133
2018,Allopurinol,OH,2,T,0
2018,Febuxostat,OH,2,F,878
2018,Allopurinol,OH,3,F,18867
2018,Allopurinol,OH,3,T,0
2018,Febuxostat,OH,3,F,840
2018,Allopurinol,OH,4,F,18779
2018,Allopurinol,OH,4,T,0
2018,Febuxostat,OH,4,F,808
2018,Allopurinol,OK,1,F,1065
2018,Allopurinol,OK,1,T,0
2018,Febuxostat,OK,1,F,64
2018,Allopurinol,OK,2,F,1052
2018,Allopurinol,OK,2,T,0
2018,Febuxostat,OK,2,F,65
2018,Allopurinol,OK,3,F,1077
2018,Allopurinol,OK,3,T,0
2018,Febuxostat,OK,3,F,62
2018,Allopurinol,OK,4,F,1115
2018,Allopurinol,OK,4,T,0
2018,Febuxostat,OK,4,F,65
2018,Allopurinol,OR,1,F,4690
2018,Allopurinol,OR,1,T,0
2018,Febuxostat,OR,1,F,143
2018,Febuxostat,OR,1,T,0
2018,Allopurinol,OR,2,F,4799
2018,Allopurinol,OR,2,T,0
2018,Febuxostat,OR,2,F,127
2018,Febuxostat,OR,2,T,0
2018,Allopurinol,OR,3,F,4778
2018,Allopurinol,OR,3,T,0
2018,Febuxostat,OR,3,F,114
2018,Febuxostat,OR,3,T,0
2018,Allopurinol,OR,4,F,4746
2018,Allopurinol,OR,4,T,0
2018,Febuxostat,OR,4,F,102
2018,Febuxostat,OR,4,T,0
2018,Allopurinol,PA,1,F,11920
2018,Allopurinol,PA,1,T,0
2018,Febuxostat,PA,1,F,386
2018,Febuxostat,PA,1,T,0
2018,Allopurinol,PA,2,F,12413
2018,Allopurinol,PA,2,T,0
2018,Febuxostat,PA,2,F,407
2018,Febuxostat,PA,2,T,0
2018,Allopurinol,PA,3,F,12257
2018,Allopurinol,PA,3,T,0
2018,Febuxostat,PA,3,F,407
2018,Febuxostat,PA,3,T,0
2018,Allopurinol,PA,4,F,11995
2018,Allopurinol,PA,4,T,0
2018,Febuxostat,PA,4,F,431
2018,Febuxostat,PA,4,T,0
2018,Allopurinol,RI,1,F,1369
2018,Allopurinol,RI,1,T,0
2018,Febuxostat,RI,1,F,36
2018,Allopurinol,RI,2,F,1364
2018,Allopurinol,RI,2,T,0
2018,Febuxostat,RI,2,F,40
2018,Allopurinol,RI,3,F,1368
2018,Allopurinol,RI,3,T,0
2018,Febuxostat,RI,3,F,45
2018,Allopurinol,RI,4,F,1289
2018,Allopurinol,RI,4,T,0
2018,Febuxostat,RI,4,F,43
2018,Allopurinol,SC,1,F,2040
2018,Allopurinol,SC,1,T,0
2018,Febuxostat,SC,1,F,147
2018,Febuxostat,SC,1,T,0
2018,Allopurinol,SC,2,F,1974
2018,Allopurinol,SC,2,T,0
2018,Febuxostat,SC,2,F,146
2018,Febuxostat,SC,2,T,0
2018,Allopurinol,SC,3,F,1874
2018,Allopurinol,SC,3,T,0
2018,Febuxostat,SC,3,F,136
2018,Febuxostat,SC,3,T,0
2018,Allopurinol,SC,4,F,1988
2018,Allopurinol,SC,4,T,0
2018,Febuxostat,SC,4,F,105
2018,Febuxostat,SC,4,T,0
2018,Allopurinol,SD,1,F,102
2018,Allopurinol,SD,1,T,0
2018,Febuxostat,SD,1,T,0
2018,Allopurinol,SD,2,F,112
2018,Allopurinol,SD,2,T,0
2018,Febuxostat,SD,2,T,0
2018,Allopurinol,SD,3,F,129
2018,Allopurinol,SD,3,T,0
2018,Febuxostat,SD,3,T,0
2018,Allopurinol,SD,4,F,140
2018,Allopurinol,SD,4,T,0
2018,Febuxostat,SD,4,T,0
2018,Allopurinol,TN,1,F,4093
2018,Allopurinol,TN,1,T,0
2018,Febuxostat,TN,1,F,217
2018,Allopurinol,TN,2,F,4200
2018,Allopurinol,TN,2,T,0
2018,Febuxostat,TN,2,F,218
2018,Allopurinol,TN,3,F,4251
2018,Allopurinol,TN,3,T,0
2018,Febuxostat,TN,3,F,227
2018,Allopurinol,TN,4,F,4415
2018,Allopurinol,TN,4,T,0
2018,Febuxostat,TN,4,F,229
2018,Allopurinol,TX,1,F,7642
2018,Allopurinol,TX,1,T,0
2018,Febuxostat,TX,1,F,560
2018,Febuxostat,TX,1,T,0
2018,Allopurinol,TX,2,F,8141
2018,Allopurinol,TX,2,T,0
2018,Febuxostat,TX,2,F,573
2018,Febuxostat,TX,2,T,0
2018,Allopurinol,TX,3,F,8152
2018,Allopurinol,TX,3,T,0
2018,Febuxostat,TX,3,F,563
2018,Febuxostat,TX,3,T,0
2018,Allopurinol,TX,4,F,8058
2018,Allopurinol,TX,4,T,0
2018,Febuxostat,TX,4,F,583
2018,Febuxostat,TX,4,T,0
2018,Allopurinol,UT,1,F,614
2018,Allopurinol,UT,1,T,0
2018,Febuxostat,UT,1,F,37
2018,Febuxostat,UT,1,T,0
2018,Allopurinol,UT,2,F,567
2018,Allopurinol,UT,2,T,0
2018,Febuxostat,UT,2,F,34
2018,Febuxostat,UT,2,T,0
2018,Allopurinol,UT,3,F,493
2018,Allopurinol,UT,3,T,0
2018,Febuxostat,UT,3,F,25
2018,Febuxostat,UT,3,T,0
2018,Allopurinol,UT,4,F,606
2018,Allopurinol,UT,4,T,0
2018,Febuxostat,UT,4,F,43
2018,Febuxostat,UT,4,T,0
2018,Allopurinol,VA,1,F,4304
2018,Allopurinol,VA,1,T,0
2018,Febuxostat,VA,1,F,307
2018,Febuxostat,VA,1,T,0
2018,Allopurinol,VA,2,F,3903
2018,Allopurinol,VA,2,T,0
2018,Febuxostat,VA,2,F,250
2018,Febuxostat,VA,2,T,0
2018,Allopurinol,VA,3,F,3998
2018,Allopurinol,VA,3,T,0
2018,Febuxostat,VA,3,F,279
2018,Febuxostat,VA,3,T,0
2018,Allopurinol,VA,4,F,3892
2018,Allopurinol,VA,4,T,0
2018,Febuxostat,VA,4,F,279
2018,Febuxostat,VA,4,T,0
2018,Allopurinol,VT,1,F,305
2018,Allopurinol,VT,1,T,0
2018,Febuxostat,VT,1,T,0
2018,Allopurinol,VT,2,F,332
2018,Allopurinol,VT,2,T,0
2018,Febuxostat,VT,2,T,0
2018,Allopurinol,VT,3,F,396
2018,Allopurinol,VT,3,T,0
2018,Febuxostat,VT,3,T,0
2018,Allopurinol,VT,4,F,328
2018,Allopurinol,VT,4,T,0
2018,Febuxostat,VT,4,T,0
2018,Allopurinol,WA,1,F,6471
2018,Allopurinol,WA,1,T,0
2018,Febuxostat,WA,1,F,270
2018,Febuxostat,WA,1,T,0
2018,Allopurinol,WA,2,F,6505
2018,Allopurinol,WA,2,T,0
2018,Febuxostat,WA,2,F,265
2018,Febuxostat,WA,2,T,0
2018,Allopurinol,WA,3,F,6570
2018,Allopurinol,WA,3,T,0
2018,Febuxostat,WA,3,F,236
2018,Febuxostat,WA,3,T,0
2018,Allopurinol,WA,4,F,6470
2018,Allopurinol,WA,4,T,0
2018,Febuxostat,WA,4,F,239
2018,Febuxostat,WA,4,T,0
2018,Allopurinol,WI,1,F,4283
2018,Allopurinol,WI,1,T,0
2018,Febuxostat,WI,1,F,381
2018,Febuxostat,WI,1,T,0
2018,Allopurinol,WI,2,F,4261
2018,Allopurinol,WI,2,T,0
2018,Febuxostat,WI,2,F,392
2018,Febuxostat,WI,2,T,0
2018,Allopurinol,WI,3,F,4260
2018,Allopurinol,WI,3,T,0
2018,Febuxostat,WI,3,F,420
2018,Febuxostat,WI,3,T,0
2018,Allopurinol,WI,4,F,4104
2018,Allopurinol,WI,4,T,0
2018,Febuxostat,WI,4,F,408
2018,Febuxostat,WI,4,T,0
2018,Allopurinol,WV,1,F,4407
2018,Allopurinol,WV,1,T,0
2018,Febuxostat,WV,1,F,180
2018,Allopurinol,WV,2,F,4428
2018,Allopurinol,WV,2,T,0
2018,Febuxostat,WV,2,F,173
2018,Allopurinol,WV,3,F,4319
2018,Allopurinol,WV,3,T,0
2018,Febuxostat,WV,3,F,161
2018,Allopurinol,WV,4,F,4232
2018,Allopurinol,WV,4,T,0
2018,Febuxostat,WV,4,F,189
2018,Allopurinol,WY,1,F,73
2018,Allopurinol,WY,1,T,0
2018,Allopurinol,WY,2,F,67
2018,Allopurinol,WY,2,T,0
2018,Febuxostat,WY,2,T,0
2018,Allopurinol,WY,3,F,93
2018,Allopurinol,WY,3,T,0
2018,Allopurinol,WY,4,F,89
2018,Allopurinol,WY,4,T,0
2018,Febuxostat,WY,4,T,0
2019,Allopurinol,AK,1,F,574
2019,Allopurinol,AK,1,T,0
2019,Febuxostat,AK,1,F,60
2019,Allopurinol,AK,2,F,606
2019,Allopurinol,AK,2,T,0
2019,Febuxostat,AK,2,F,49
2019,Allopurinol,AK,3,F,587
2019,Allopurinol,AK,3,T,0
2019,Febuxostat,AK,3,T,0
2019,Allopurinol,AK,4,F,564
2019,Allopurinol,AK,4,T,0
2019,Febuxostat,AK,4,T,0
2019,Allopurinol,AL,1,F,2531
2019,Allopurinol,AL,1,T,0
2019,Febuxostat,AL,1,F,407
2019,Allopurinol,AL,2,F,2815
2019,Allopurinol,AL,2,T,0
2019,Febuxostat,AL,2,F,417
2019,Allopurinol,AL,3,F,2413
2019,Allopurinol,AL,3,T,0
2019,Febuxostat,AL,3,F,305
2019,Febuxostat,AL,3,T,0
2019,Allopurinol,AL,4,F,2564
2019,Allopurinol,AL,4,T,0
2019,Febuxostat,AL,4,F,288
2019,Febuxostat,AL,4,T,0
2019,Allopurinol,AR,1,F,1701
2019,Allopurinol,AR,1,T,0
2019,Febuxostat,AR,1,T,0
2019,Allopurinol,AR,2,F,1569
2019,Allopurinol,AR,2,T,0
2019,Febuxostat,AR,2,T,0
2019,Allopurinol,AR,3,F,1511
2019,Allopurinol,AR,3,T,0
2019,Febuxostat,AR,3,T,0
2019,Allopurinol,AR,4,F,1577
2019,Allopurinol,AR,4,T,0
2019,Febuxostat,AR,4,T,0
2019,Allopurinol,AZ,1,F,6001
2019,Allopurinol,AZ,1,T,0
2019,Febuxostat,AZ,1,F,287
2019,Allopurinol,AZ,2,F,6066
2019,Allopurinol,AZ,2,T,0
2019,Febuxostat,AZ,2,F,278
2019,Febuxostat,AZ,2,T,0
2019,Allopurinol,AZ,3,F,6089
2019,Allopurinol,AZ,3,T,0
2019,Febuxostat,AZ,3,F,241
2019,Febuxostat,AZ,3,T,0
2019,Allopurinol,AZ,4,F,6014
2019,Allopurinol,AZ,4,T,0
2019,Febuxostat,AZ,4,F,229
2019,Febuxostat,AZ,4,T,0
2019,Allopurinol,CA,1,F,47430
2019,Allopurinol,CA,1,T,0
2019,Febuxostat,CA,1,F,2633
2019,Allopurinol,CA,2,F,47918
2019,Allopurinol,CA,2,T,0
2019,Febuxostat,CA,2,F,2514
2019,Allopurinol,CA,3,F,49311
2019,Allopurinol,CA,3,T,0
2019,Febuxostat,CA,3,F,2180
2019,Febuxostat,CA,3,T,0
2019,Allopurinol,CA,4,F,47441
2019,Allopurinol,CA,4,T,0
2019,Febuxostat,CA,4,F,2115
2019,Febuxostat,CA,4,T,0
2019,Allopurinol,CO,1,F,2747
2019,Allopurinol,CO,1,T,0
2019,Febuxostat,CO,1,F,143
2019,Febuxostat,CO,1,T,0
2019,Allopurinol,CO,2,F,2922
2019,Allopurinol,CO,2,T,0
2019,Febuxostat,CO,2,F,191
2019,Febuxostat,CO,2,T,0
2019,Allopurinol,CO,3,F,3148
2019,Allopurinol,CO,3,T,0
2019,Febuxostat,CO,3,F,176
2019,Febuxostat,CO,3,T,0
2019,Allopurinol,CO,4,F,2837
2019,Allopurinol,CO,4,T,0
2019,Febuxostat,CO,4,F,102
2019,Febuxostat,CO,4,T,0
2019,Allopurinol,CT,1,F,2616
2019,Allopurinol,CT,1,T,0
2019,Febuxostat,CT,1,F,229
2019,Allopurinol,CT,2,F,2711
2019,Allopurinol,CT,2,T,0
2019,Febuxostat,CT,2,F,169
2019,Allopurinol,CT,3,F,2702
2019,Allopurinol,CT,3,T,0
2019,Febuxostat,CT,3,F,145
2019,Febuxostat,CT,3,T,0
2019,Allopurinol,CT,4,F,2692
2019,Allopurinol,CT,4,T,0
2019,Febuxostat,CT,4,F,114
2019,Febuxostat,CT,4,T,0
2019,Allopurinol,DC,1,F,907
2019,Allopurinol,DC,1,T,0
2019,Febuxostat,DC,1,T,0
2019,Allopurinol,DC,2,F,941
2019,Allopurinol,DC,2,T,0
2019,Febuxostat,DC,2,T,0
2019,Allopurinol,DC,3,F,924
2019,Allopurinol,DC,3,T,0
2019,Febuxostat,DC,3,T,0
2019,Allopurinol,DC,4,F,922
2019,Allopurinol,DC,4,T,0
2019,Febuxostat,DC,4,T,0
2019,Allopurinol,DE,1,F,675
2019,Allopurinol,DE,1,T,0
2019,Febuxostat,DE,1,F,29
2019,Febuxostat,DE,1,T,0
2019,Allopurinol,DE,2,F,750
2019,Allopurinol,DE,2,T,0
2019,Febuxostat,DE,2,F,27
2019,Febuxostat,DE,2,T,0
2019,Allopurinol,DE,3,F,784
2019,Allopurinol,DE,3,T,0
2019,Febuxostat,DE,3,T,0
2019,Allopurinol,DE,4,F,791
2019,Allopurinol,DE,4,T,0
2019,Febuxostat,DE,4,T,0
2019,Allopurinol,FL,1,F,8439
2019,Allopurinol,FL,1,T,0
2019,Febuxostat,FL,1,F,223
2019,Febuxostat,FL,1,T,0
2019,Allopurinol,FL,2,F,8370
2019,Allopurinol,FL,2,T,0
2019,Febuxostat,FL,2,F,222
2019,Febuxostat,FL,2,T,0
2019,Allopurinol,FL,3,F,8558
2019,Allopurinol,FL,3,T,0
2019,Febuxostat,FL,3,F,173
2019,Febuxostat,FL,3,T,0
2019,Allopurinol,FL,4,F,8291
2019,Allopurinol,FL,4,T,0
2019,Febuxostat,FL,4,F,158
2019,Febuxostat,FL,4,T,0
2019,Allopurinol,GA,1,F,6009
2019,Allopurinol,GA,1,T,0
2019,Febuxostat,GA,1,F,232
2019,Febuxostat,GA,1,T,0
2019,Allopurinol,GA,2,F,6024
2019,Allopurinol,GA,2,T,0
2019,Febuxostat,GA,2,F,203
2019,Febuxostat,GA,2,T,0
2019,Allopurinol,GA,3,F,5970
2019,Allopurinol,GA,3,T,0
2019,Febuxostat,GA,3,F,126
2019,Febuxostat,GA,3,T,0
2019,Allopurinol,GA,4,F,5970
2019,Allopurinol,GA,4,T,0
2019,Febuxostat,GA,4,F,128
2019,Febuxostat,GA,4,T,0
2019,Allopurinol,HI,1,F,3923
2019,Allopurinol,HI,1,T,0
2019,Febuxostat,HI,1,F,301
2019,Allopurinol,HI,2,F,3667
2019,Allopurinol,HI,2,T,0
2019,Febuxostat,HI,2,F,262
2019,Allopurinol,HI,3,F,3789
2019,Allopurinol,HI,3,T,0
2019,Febuxostat,HI,3,F,242
2019,Febuxostat,HI,3,T,0
2019,Allopurinol,HI,4,F,3710
2019,Allopurinol,HI,4,T,0
2019,Febuxostat,HI,4,F,255
2019,Febuxostat,HI,4,T,0
2019,Allopurinol,IA,1,F,1144
2019,Allopurinol,IA,1,T,0
2019,Febuxostat,IA,1,F,33
2019,Febuxostat,IA,1,T,0
2019,Allopurinol,IA,2,F,1212
2019,Allopurinol,IA,2,T,0
2019,Febuxostat,IA,2,F,31
2019,Febuxostat,IA,2,T,0
2019,Allopurinol,IA,3,F,1318
2019,Allopurinol,IA,3,T,0
2019,Febuxostat,IA,3,F,32
2019,Febuxostat,IA,3,T,0
2019,Allopurinol,IA,4,F,1295
2019,Allopurinol,IA,4,T,0
2019,Febuxostat,IA,4,F,12
2019,Febuxostat,IA,4,T,0
2019,Allopurinol,ID,1,F,588
2019,Allopurinol,ID,1,T,0
2019,Febuxostat,ID,1,T,0
2019,Allopurinol,ID,2,F,649
2019,Allopurinol,ID,2,T,0
2019,Febuxostat,ID,2,F,27
2019,Allopurinol,ID,3,F,757
2019,Allopurinol,ID,3,T,0
2019,Febuxostat,ID,3,T,0
2019,Allopurinol,ID,4,F,697
2019,Allopurinol,ID,4,T,0
2019,Febuxostat,ID,4,T,0
2019,Allopurinol,IL,1,F,14092
2019,Allopurinol,IL,1,T,0
2019,Febuxostat,IL,1,F,190
2019,Febuxostat,IL,1,T,0
2019,Allopurinol,IL,2,F,15092
2019,Allopurinol,IL,2,T,0
2019,Febuxostat,IL,2,F,218
2019,Febuxostat,IL,2,T,0
2019,Allopurinol,IL,3,F,15542
2019,Allopurinol,IL,3,T,0
2019,Febuxostat,IL,3,F,187
2019,Febuxostat,IL,3,T,0
2019,Allopurinol,IL,4,F,15430
2019,Allopurinol,IL,4,T,0
2019,Febuxostat,IL,4,F,142
2019,Febuxostat,IL,4,T,0
2019,Allopurinol,IN,1,F,5201
2019,Allopurinol,IN,1,T,0
2019,Febuxostat,IN,1,F,372
2019,Allopurinol,IN,2,F,5190
2019,Allopurinol,IN,2,T,0
2019,Febuxostat,IN,2,F,332
2019,Allopurinol,IN,3,F,5290
2019,Allopurinol,IN,3,T,0
2019,Febuxostat,IN,3,F,256
2019,Febuxostat,IN,3,T,0
2019,Allopurinol,IN,4,F,5060
2019,Allopurinol,IN,4,T,0
2019,Febuxostat,IN,4,F,290
2019,Febuxostat,IN,4,T,0
2019,Allopurinol,KS,1,F,874
2019,Allopurinol,KS,1,T,0
2019,Febuxostat,KS,1,F,50
2019,Allopurinol,KS,2,F,890
2019,Allopurinol,KS,2,T,0
2019,Febuxostat,KS,2,F,51
2019,Allopurinol,KS,3,F,872
2019,Allopurinol,KS,3,T,0
2019,Febuxostat,KS,3,F,32
2019,Febuxostat,KS,3,T,0
2019,Allopurinol,KS,4,F,862
2019,Allopurinol,KS,4,T,0
2019,Febuxostat,KS,4,F,13
2019,Febuxostat,KS,4,T,0
2019,Allopurinol,KY,1,F,10825
2019,Allopurinol,KY,1,T,0
2019,Febuxostat,KY,1,F,696
2019,Febuxostat,KY,1,T,0
2019,Allopurinol,KY,2,F,10774
2019,Allopurinol,KY,2,T,0
2019,Febuxostat,KY,2,F,657
2019,Febuxostat,KY,2,T,0
2019,Allopurinol,KY,3,F,10994
2019,Allopurinol,KY,3,T,0
2019,Febuxostat,KY,3,F,547
2019,Febuxostat,KY,3,T,0
2019,Allopurinol,KY,4,F,10544
2019,Allopurinol,KY,4,T,0
2019,Febuxostat,KY,4,F,552
2019,Febuxostat,KY,4,T,0
2019,Allopurinol,LA,1,F,8614
2019,Allopurinol,LA,1,T,0
2019,Febuxostat,LA,1,F,261
2019,Febuxostat,LA,1,T,0
2019,Allopurinol,LA,2,F,8690
2019,Allopurinol,LA,2,T,0
2019,Febuxostat,LA,2,F,218
2019,Febuxostat,LA,2,T,0
2019,Allopurinol,LA,3,F,8914
2019,Allopurinol,LA,3,T,0
2019,Febuxostat,LA,3,F,169
2019,Febuxostat,LA,3,T,0
2019,Allopurinol,LA,4,F,8924
2019,Allopurinol,LA,4,T,0
2019,Febuxostat,LA,4,F,145
2019,Febuxostat,LA,4,T,0
2019,Allopurinol,MA,1,F,6573
2019,Allopurinol,MA,1,T,0
2019,Febuxostat,MA,1,F,238
2019,Allopurinol,MA,2,F,7493
2019,Allopurinol,MA,2,T,0
2019,Febuxostat,MA,2,F,264
2019,Allopurinol,MA,3,F,6766
2019,Allopurinol,MA,3,T,0
2019,Febuxostat,MA,3,F,187
2019,Febuxostat,MA,3,T,0
2019,Allopurinol,MA,4,F,6964
2019,Allopurinol,MA,4,T,0
2019,Febuxostat,MA,4,F,217
2019,Febuxostat,MA,4,T,0
2019,Allopurinol,MD,1,F,5010
2019,Allopurinol,MD,1,T,0
2019,Febuxostat,MD,1,F,187
2019,Febuxostat,MD,1,T,0
2019,Allopurinol,MD,2,F,5270
2019,Allopurinol,MD,2,T,0
2019,Febuxostat,MD,2,F,173
2019,Febuxostat,MD,2,T,0
2019,Allopurinol,MD,3,F,4723
2019,Allopurinol,MD,3,T,0
2019,Febuxostat,MD,3,F,119
2019,Febuxostat,MD,3,T,0
2019,Allopurinol,MD,4,F,4918
2019,Allopurinol,MD,4,T,0
2019,Febuxostat,MD,4,F,109
2019,Febuxostat,MD,4,T,0
2019,Allopurinol,ME,1,F,247
2019,Allopurinol,ME,1,T,0
2019,Febuxostat,ME,1,F,24
2019,Febuxostat,ME,1,T,0
2019,Allopurinol,ME,2,F,277
2019,Allopurinol,ME,2,T,0
2019,Febuxostat,ME,2,F,22
2019,Febuxostat,ME,2,T,0
2019,Allopurinol,ME,3,F,335
2019,Allopurinol,ME,3,T,0
2019,Febuxostat,ME,3,F,20
2019,Febuxostat,ME,3,T,0
2019,Allopurinol,ME,4,F,357
2019,Allopurinol,ME,4,T,0
2019,Febuxostat,ME,4,F,20
2019,Febuxostat,ME,4,T,0
2019,Allopurinol,MI,1,F,12828
2019,Allopurinol,MI,1,T,0
2019,Febuxostat,MI,1,F,283
2019,Febuxostat,MI,1,T,0
2019,Allopurinol,MI,2,F,13192
2019,Allopurinol,MI,2,T,0
2019,Febuxostat,MI,2,F,264
2019,Febuxostat,MI,2,T,0
2019,Allopurinol,MI,3,F,13370
2019,Allopurinol,MI,3,T,0
2019,Febuxostat,MI,3,F,189
2019,Febuxostat,MI,3,T,0
2019,Allopurinol,MI,4,F,13184
2019,Allopurinol,MI,4,T,0
2019,Febuxostat,MI,4,F,161
2019,Febuxostat,MI,4,T,0
2019,Allopurinol,MN,1,F,5235
2019,Allopurinol,MN,1,T,0
2019,Febuxostat,MN,1,F,176
2019,Febuxostat,MN,1,T,0
2019,Allopurinol,MN,2,F,5352
2019,Allopurinol,MN,2,T,0
2019,Febuxostat,MN,2,F,178
2019,Febuxostat,MN,2,T,0
2019,Allopurinol,MN,3,F,5277
2019,Allopurinol,MN,3,T,0
2019,Febuxostat,MN,3,F,153
2019,Febuxostat,MN,3,T,0
2019,Allopurinol,MN,4,F,5435
2019,Allopurinol,MN,4,T,0
2019,Febuxostat,MN,4,F,129
2019,Febuxostat,MN,4,T,0
2019,Allopurinol,MO,1,F,3523
2019,Allopurinol,MO,1,T,0
2019,Febuxostat,MO,1,F,228
2019,Allopurinol,MO,2,F,3614
2019,Allopurinol,MO,2,T,0
2019,Febuxostat,MO,2,F,205
2019,Allopurinol,MO,3,F,3992
2019,Allopurinol,MO,3,T,0
2019,Febuxostat,MO,3,F,156
2019,Febuxostat,MO,3,T,0
2019,Allopurinol,MO,4,F,3771
2019,Allopurinol,MO,4,T,0
2019,Allopurinol Sodium,MO,4,T,0
2019,Febuxostat,MO,4,F,119
2019,Febuxostat,MO,4,T,0
2019,Allopurinol,MS,1,F,1676
2019,Allopurinol,MS,1,T,0
2019,Febuxostat,MS,1,F,59
2019,Febuxostat,MS,1,T,0
2019,Allopurinol,MS,2,F,1645
2019,Allopurinol,MS,2,T,0
2019,Febuxostat,MS,2,F,46
2019,Febuxostat,MS,2,T,0
2019,Allopurinol,MS,3,F,1693
2019,Allopurinol,MS,3,T,0
2019,Febuxostat,MS,3,F,24
2019,Febuxostat,MS,3,T,0
2019,Allopurinol,MS,4,F,1557
2019,Allopurinol,MS,4,T,0
2019,Febuxostat,MS,4,F,22
2019,Febuxostat,MS,4,T,0
2019,Allopurinol,MT,1,F,1225
2019,Allopurinol,MT,1,T,0
2019,Febuxostat,MT,1,F,88
2019,Allopurinol,MT,2,F,1292
2019,Allopurinol,MT,2,T,0
2019,Febuxostat,MT,2,F,94
2019,Allopurinol,MT,3,F,1370
2019,Allopurinol,MT,3,T,0
2019,Febuxostat,MT,3,F,88
2019,Febuxostat,MT,3,T,0
2019,Allopurinol,MT,4,F,1307
2019,Allopurinol,MT,4,T,0
2019,Febuxostat,MT,4,F,64
2019,Febuxostat,MT,4,T,0
2019,Allopurinol,NC,1,F,4749
2019,Allopurinol,NC,1,T,0
2019,Febuxostat,NC,1,F,623
2019,Allopurinol,NC,2,F,4033
2019,Allopurinol,NC,2,T,0
2019,Febuxostat,NC,2,F,461
2019,Allopurinol,NC,3,F,4629
2019,Allopurinol,NC,3,T,0
2019,Febuxostat,NC,3,F,530
2019,Febuxostat,NC,3,T,0
2019,Allopurinol,NC,4,F,4484
2019,Allopurinol,NC,4,T,0
2019,Febuxostat,NC,4,F,410
2019,Febuxostat,NC,4,T,0
2019,Allopurinol,ND,1,F,157
2019,Allopurinol,ND,1,T,0
2019,Febuxostat,ND,1,T,0
2019,Allopurinol,ND,2,F,214
2019,Allopurinol,ND,2,T,0
2019,Febuxostat,ND,2,T,0
2019,Allopurinol,ND,3,F,161
2019,Allopurinol,ND,3,T,0
2019,Febuxostat,ND,3,T,0
2019,Allopurinol,ND,4,F,220
2019,Allopurinol,ND,4,T,0
2019,Febuxostat,ND,4,T,0
2019,Allopurinol,NE,1,F,621
2019,Allopurinol,NE,1,T,0
2019,Febuxostat,NE,1,F,25
2019,Febuxostat,NE,1,T,0
2019,Allopurinol,NE,2,F,646
2019,Allopurinol,NE,2,T,0
2019,Febuxostat,NE,2,F,17
2019,Febuxostat,NE,2,T,0
2019,Allopurinol,NE,3,F,608
2019,Allopurinol,NE,3,T,0
2019,Febuxostat,NE,3,T,0
2019,Allopurinol,NE,4,F,459
2019,Allopurinol,NE,4,T,0
2019,Febuxostat,NE,4,T,0
2019,Allopurinol,NH,1,F,510
2019,Allopurinol,NH,1,T,0
2019,Febuxostat,NH,1,F,19
2019,Febuxostat,NH,1,T,0
2019,Allopurinol,NH,2,F,556
2019,Allopurinol,NH,2,T,0
2019,Febuxostat,NH,2,F,12
2019,Febuxostat,NH,2,T,0
2019,Allopurinol,NH,3,F,387
2019,Allopurinol,NH,3,T,0
2019,Febuxostat,NH,3,T,0
2019,Allopurinol,NH,4,F,309
2019,Allopurinol,NH,4,T,0
2019,Febuxostat,NH,4,T,0
2019,Allopurinol,NJ,1,F,5650
2019,Allopurinol,NJ,1,T,0
2019,Febuxostat,NJ,1,F,316
2019,Febuxostat,NJ,1,T,0
2019,Allopurinol,NJ,2,F,6215
2019,Allopurinol,NJ,2,T,0
2019,Febuxostat,NJ,2,F,320
2019,Febuxostat,NJ,2,T,0
2019,Allopurinol,NJ,3,F,6349
2019,Allopurinol,NJ,3,T,0
2019,Febuxostat,NJ,3,F,261
2019,Febuxostat,NJ,3,T,0
2019,Allopurinol,NJ,4,F,6204
2019,Allopurinol,NJ,4,T,0
2019,Febuxostat,NJ,4,F,224
2019,Febuxostat,NJ,4,T,0
2019,Allopurinol,NM,1,F,2238
2019,Allopurinol,NM,1,T,0
2019,Febuxostat,NM,1,F,64
2019,Febuxostat,NM,1,T,0
2019,Allopurinol,NM,2,F,986
2019,Allopurinol,NM,2,T,0
2019,Allopurinol,NM,3,F,2415
2019,Allopurinol,NM,3,T,0
2019,Febuxostat,NM,3,F,34
2019,Febuxostat,NM,3,T,0
2019,Allopurinol,NM,4,F,2066
2019,Allopurinol,NM,4,T,0
2019,Febuxostat,NM,4,F,15
2019,Febuxostat,NM,4,T,0
2019,Allopurinol,NV,1,F,3154
2019,Allopurinol,NV,1,T,0
2019,Febuxostat,NV,1,F,172
2019,Allopurinol,NV,2,F,3035
2019,Allopurinol,NV,2,T,0
2019,Febuxostat,NV,2,F,146
2019,Allopurinol,NV,3,F,3312
2019,Allopurinol,NV,3,T,0
2019,Febuxostat,NV,3,F,58
2019,Febuxostat,NV,3,T,0
2019,Allopurinol,NV,4,F,3280
2019,Allopurinol,NV,4,T,0
2019,Febuxostat,NV,4,F,29
2019,Febuxostat,NV,4,T,0
2019,Allopurinol,NY,1,F,26583
2019,Allopurinol,NY,1,T,0
2019,Febuxostat,NY,1,F,1699
2019,Allopurinol,NY,2,F,25491
2019,Allopurinol,NY,2,T,0
2019,Febuxostat,NY,2,F,1425
2019,Allopurinol,NY,3,F,26021
2019,Allopurinol,NY,3,T,0
2019,Febuxostat,NY,3,F,1135
2019,Febuxostat,NY,3,T,0
2019,Allopurinol,NY,4,F,25474
2019,Allopurinol,NY,4,T,0
2019,Febuxostat,NY,4,F,1078
2019,Febuxostat,NY,4,T,0
2019,Allopurinol,OH,1,F,18704
2019,Allopurinol,OH,1,T,0
2019,Febuxostat,OH,1,F,768
2019,Allopurinol,OH,2,F,18594
2019,Allopurinol,OH,2,T,0
2019,Febuxostat,OH,2,F,741
2019,Allopurinol,OH,3,F,18513
2019,Allopurinol,OH,3,T,0
2019,Febuxostat,OH,3,F,606
2019,Febuxostat,OH,3,T,0
2019,Allopurinol,OH,4,F,18002
2019,Allopurinol,OH,4,T,0
2019,Febuxostat,OH,4,F,592
2019,Febuxostat,OH,4,T,0
2019,Allopurinol,OK,1,F,1095
2019,Allopurinol,OK,1,T,0
2019,Febuxostat,OK,1,F,72
2019,Allopurinol,OK,2,F,1086
2019,Allopurinol,OK,2,T,0
2019,Febuxostat,OK,2,F,63
2019,Allopurinol,OK,3,F,1114
2019,Allopurinol,OK,3,T,0
2019,Febuxostat,OK,3,F,42
2019,Febuxostat,OK,3,T,0
2019,Allopurinol,OK,4,F,1087
2019,Allopurinol,OK,4,T,0
2019,Febuxostat,OK,4,T,0
2019,Allopurinol,OR,1,F,4717
2019,Allopurinol,OR,1,T,0
2019,Febuxostat,OR,1,F,106
2019,Febuxostat,OR,1,T,0
2019,Allopurinol,OR,2,F,4813
2019,Allopurinol,OR,2,T,0
2019,Febuxostat,OR,2,F,92
2019,Febuxostat,OR,2,T,0
2019,Allopurinol,OR,3,F,4894
2019,Allopurinol,OR,3,T,0
2019,Febuxostat,OR,3,F,80
2019,Febuxostat,OR,3,T,0
2019,Allopurinol,OR,4,F,4887
2019,Allopurinol,OR,4,T,0
2019,Febuxostat,OR,4,F,66
2019,Febuxostat,OR,4,T,0
2019,Allopurinol,PA,1,F,11883
2019,Allopurinol,PA,1,T,0
2019,Febuxostat,PA,1,F,434
2019,Febuxostat,PA,1,T,0
2019,Allopurinol,PA,2,F,11835
2019,Allopurinol,PA,2,T,0
2019,Febuxostat,PA,2,F,365
2019,Febuxostat,PA,2,T,0
2019,Allopurinol,PA,3,F,10884
2019,Allopurinol,PA,3,T,0
2019,Febuxostat,PA,3,F,283
2019,Febuxostat,PA,3,T,0
2019,Allopurinol,PA,4,F,10773
2019,Allopurinol,PA,4,T,0
2019,Febuxostat,PA,4,F,273
2019,Febuxostat,PA,4,T,0
2019,Allopurinol,RI,1,F,1130
2019,Allopurinol,RI,1,T,0
2019,Febuxostat,RI,1,F,50
2019,Allopurinol,RI,2,F,1144
2019,Allopurinol,RI,2,T,0
2019,Febuxostat,RI,2,F,39
2019,Allopurinol,RI,3,F,1008
2019,Allopurinol,RI,3,T,0
2019,Febuxostat,RI,3,F,15
2019,Febuxostat,RI,3,T,0
2019,Allopurinol,RI,4,F,926
2019,Allopurinol,RI,4,T,0
2019,Febuxostat,RI,4,F,14
2019,Febuxostat,RI,4,T,0
2019,Allopurinol,SC,1,F,1555
2019,Allopurinol,SC,1,T,0
2019,Febuxostat,SC,1,F,125
2019,Febuxostat,SC,1,T,0
2019,Allopurinol,SC,2,F,1463
2019,Allopurinol,SC,2,T,0
2019,Febuxostat,SC,2,F,113
2019,Febuxostat,SC,2,T,0
2019,Allopurinol,SC,3,F,1554
2019,Allopurinol,SC,3,T,0
2019,Febuxostat,SC,3,F,65
2019,Febuxostat,SC,3,T,0
2019,Allopurinol,SC,4,F,1849
2019,Allopurinol,SC,4,T,0
2019,Febuxostat,SC,4,F,71
2019,Febuxostat,SC,4,T,0
2019,Allopurinol,SD,1,F,121
2019,Allopurinol,SD,1,T,0
2019,Febuxostat,SD,1,T,0
2019,Allopurinol,SD,2,F,101
2019,Allopurinol,SD,2,T,0
2019,Febuxostat,SD,2,T,0
2019,Allopurinol,SD,3,F,98
2019,Allopurinol,SD,3,T,0
2019,Febuxostat,SD,3,T,0
2019,Allopurinol,SD,4,F,119
2019,Allopurinol,SD,4,T,0
2019,Febuxostat,SD,4,T,0
2019,Allopurinol,TN,1,F,4612
2019,Allopurinol,TN,1,T,0
2019,Febuxostat,TN,1,F,223
2019,Allopurinol,TN,2,F,4679
2019,Allopurinol,TN,2,T,0
2019,Febuxostat,TN,2,F,171
2019,Allopurinol,TN,3,F,4615
2019,Allopurinol,TN,3,T,0
2019,Febuxostat,TN,3,F,134
2019,Febuxostat,TN,3,T,0
2019,Allopurinol,TN,4,F,4583
2019,Allopurinol,TN,4,T,0
2019,Febuxostat,TN,4,F,154
2019,Allopurinol,TX,1,F,7497
2019,Allopurinol,TX,1,T,0
2019,Febuxostat,TX,1,F,564
2019,Febuxostat,TX,1,T,0
2019,Allopurinol,TX,2,F,7529
2019,Allopurinol,TX,2,T,0
2019,Febuxostat,TX,2,F,527
2019,Febuxostat,TX,2,T,0
2019,Allopurinol,TX,3,F,7550
2019,Allopurinol,TX,3,T,0
2019,Febuxostat,TX,3,F,369
2019,Allopurinol,TX,4,F,7227
2019,Allopurinol,TX,4,T,0
2019,Febuxostat,TX,4,F,372
2019,Febuxostat,TX,4,T,0
2019,Allopurinol,UT,1,F,592
2019,Allopurinol,UT,1,T,0
2019,Febuxostat,UT,1,F,19
2019,Febuxostat,UT,1,T,0
2019,Allopurinol,UT,2,F,705
2019,Allopurinol,UT,2,T,0
2019,Febuxostat,UT,2,F,24
2019,Febuxostat,UT,2,T,0
2019,Allopurinol,UT,3,F,648
2019,Allopurinol,UT,3,T,0
2019,Febuxostat,UT,3,T,0
2019,Allopurinol,UT,4,F,629
2019,Allopurinol,UT,4,T,0
2019,Febuxostat,UT,4,T,0
2019,Allopurinol,VA,1,F,5224
2019,Allopurinol,VA,1,T,0
2019,Febuxostat,VA,1,F,335
2019,Febuxostat,VA,1,T,0
2019,Allopurinol,VA,2,F,6164
2019,Allopurinol,VA,2,T,0
2019,Febuxostat,VA,2,F,280
2019,Febuxostat,VA,2,T,0
2019,Allopurinol,VA,3,F,6727
2019,Allopurinol,VA,3,T,0
2019,Febuxostat,VA,3,F,266
2019,Febuxostat,VA,3,T,0
2019,Allopurinol,VA,4,F,6936
2019,Allopurinol,VA,4,T,0
2019,Febuxostat,VA,4,F,300
2019,Febuxostat,VA,4,T,0
2019,Allopurinol,VT,1,F,278
2019,Allopurinol,VT,1,T,0
2019,Febuxostat,VT,1,F,13
2019,Febuxostat,VT,1,T,0
2019,Allopurinol,VT,2,F,299
2019,Allopurinol,VT,2,T,0
2019,Febuxostat,VT,2,T,0
2019,Allopurinol,VT,3,F,308
2019,Allopurinol,VT,3,T,0
2019,Febuxostat,VT,3,T,0
2019,Allopurinol,VT,4,F,269
2019,Allopurinol,VT,4,T,0
2019,Febuxostat,VT,4,T,0
2019,Allopurinol,WA,1,F,6252
2019,Allopurinol,WA,1,T,0
2019,Febuxostat,WA,1,F,192
2019,Febuxostat,WA,1,T,0
2019,Allopurinol,WA,2,F,6551
2019,Allopurinol,WA,2,T,0
2019,Febuxostat,WA,2,F,190
2019,Febuxostat,WA,2,T,0
2019,Allopurinol,WA,3,F,7399
2019,Allopurinol,WA,3,T,0
2019,Febuxostat,WA,3,F,165
2019,Febuxostat,WA,3,T,0
2019,Allopurinol,WA,4,F,6364
2019,Allopurinol,WA,4,T,0
2019,Febuxostat,WA,4,F,125
2019,Febuxostat,WA,4,T,0
2019,Allopurinol,WI,1,F,4132
2019,Allopurinol,WI,1,T,0
2019,Febuxostat,WI,1,F,410
2019,Febuxostat,WI,1,T,0
2019,Allopurinol,WI,2,F,4135
2019,Allopurinol,WI,2,T,0
2019,Febuxostat,WI,2,F,393
2019,Febuxostat,WI,2,T,0
2019,Allopurinol,WI,3,F,4168
2019,Allopurinol,WI,3,T,0
2019,Febuxostat,WI,3,F,344
2019,Febuxostat,WI,3,T,0
2019,Allopurinol,WI,4,F,4104
2019,Allopurinol,WI,4,T,0
2019,Febuxostat,WI,4,F,302
2019,Febuxostat,WI,4,T,0
2019,Allopurinol,WV,1,F,4196
2019,Allopurinol,WV,1,T,0
2019,Febuxostat,WV,1,F,171
2019,Allopurinol,WV,2,F,4254
2019,Allopurinol,WV,2,T,0
2019,Febuxostat,WV,2,F,167
2019,Allopurinol,WV,3,F,4153
2019,Allopurinol,WV,3,T,0
2019,Febuxostat,WV,3,F,117
2019,Febuxostat,WV,3,T,0
2019,Allopurinol,WV,4,F,4275
2019,Allopurinol,WV,4,T,0
2019,Febuxostat,WV,4,F,115
2019,Febuxostat,WV,4,T,0
2020,Allopurinol,AK,1,F,532
2020,Allopurinol,AK,1,T,0
2020,Febuxostat,AK,1,T,0
2020,Allopurinol,AK,2,F,615
2020,Allopurinol,AK,2,T,0
2020,Febuxostat,AK,2,T,0
2020,Allopurinol,AK,3,F,634
2020,Allopurinol,AK,3,T,0
2020,Febuxostat,AK,3,T,0
2020,Allopurinol,AK,4,F,526
2020,Allopurinol,AK,4,T,0
2020,Febuxostat,AK,4,T,0
2020,Allopurinol,AL,1,F,2847
2020,Allopurinol,AL,1,T,0
2020,Febuxostat,AL,1,F,314
2020,Febuxostat,AL,1,T,0
2020,Allopurinol,AL,2,F,2827
2020,Allopurinol,AL,2,T,0
2020,Febuxostat,AL,2,F,296
2020,Febuxostat,AL,2,T,0
2020,Allopurinol,AL,3,F,2608
2020,Allopurinol,AL,3,T,0
2020,Febuxostat,AL,3,F,237
2020,Febuxostat,AL,3,T,0
2020,Allopurinol,AL,4,F,2818
2020,Allopurinol,AL,4,T,0
2020,Febuxostat,AL,4,F,333
2020,Febuxostat,AL,4,T,0
2020,Allopurinol,AR,1,F,1623
2020,Allopurinol,AR,1,T,0
2020,Febuxostat,AR,1,T,0
2020,Allopurinol,AR,2,F,1639
2020,Allopurinol,AR,2,T,0
2020,Febuxostat,AR,2,T,0
2020,Allopurinol,AR,3,F,1562
2020,Allopurinol,AR,3,T,0
2020,Febuxostat,AR,3,T,0
2020,Allopurinol,AR,4,F,1667
2020,Allopurinol,AR,4,T,0
2020,Febuxostat,AR,4,T,0
2020,Allopurinol,AZ,1,F,6137
2020,Allopurinol,AZ,1,T,0
2020,Febuxostat,AZ,1,F,158
2020,Febuxostat,AZ,1,T,0
2020,Allopurinol,AZ,2,F,5863
2020,Allopurinol,AZ,2,T,0
2020,Febuxostat,AZ,2,F,174
2020,Febuxostat,AZ,2,T,0
2020,Allopurinol,AZ,3,F,5356
2020,Allopurinol,AZ,3,T,0
2020,Febuxostat,AZ,3,F,165
2020,Febuxostat,AZ,3,T,0
2020,Allopurinol,AZ,4,F,3782
2020,Allopurinol,AZ,4,T,0
2020,Febuxostat,AZ,4,F,100
2020,Febuxostat,AZ,4,T,0
2020,Allopurinol,CA,1,F,46900
2020,Allopurinol,CA,1,T,0
2020,Febuxostat,CA,1,F,2140
2020,Febuxostat,CA,1,T,0
2020,Allopurinol,CA,2,F,46014
2020,Allopurinol,CA,2,T,0
2020,Febuxostat,CA,2,F,2070
2020,Febuxostat,CA,2,T,0
2020,Allopurinol,CA,3,F,44796
2020,Allopurinol,CA,3,T,0
2020,Febuxostat,CA,3,F,2056
2020,Febuxostat,CA,3,T,0
2020,Allopurinol,CA,4,F,31750
2020,Allopurinol,CA,4,T,0
2020,Febuxostat,CA,4,F,1286
2020,Febuxostat,CA,4,T,0
2020,Allopurinol,CO,1,F,3060
2020,Allopurinol,CO,1,T,0
2020,Febuxostat,CO,1,F,95
2020,Febuxostat,CO,1,T,0
2020,Allopurinol,CO,2,F,3021
2020,Allopurinol,CO,2,T,0
2020,Febuxostat,CO,2,F,128
2020,Febuxostat,CO,2,T,0
2020,Allopurinol,CO,3,F,3168
2020,Allopurinol,CO,3,T,0
2020,Febuxostat,CO,3,F,109
2020,Febuxostat,CO,3,T,0
2020,Allopurinol,CO,4,F,3009
2020,Allopurinol,CO,4,T,0
2020,Febuxostat,CO,4,F,118
2020,Febuxostat,CO,4,T,0
2020,Allopurinol,CT,1,F,2723
2020,Allopurinol,CT,1,T,0
2020,Febuxostat,CT,1,F,121
2020,Febuxostat,CT,1,T,0
2020,Allopurinol,CT,2,F,2706
2020,Allopurinol,CT,2,T,0
2020,Febuxostat,CT,2,F,93
2020,Febuxostat,CT,2,T,0
2020,Allopurinol,CT,3,F,2700
2020,Allopurinol,CT,3,T,0
2020,Febuxostat,CT,3,F,74
2020,Febuxostat,CT,3,T,0
2020,Allopurinol,CT,4,F,2808
2020,Allopurinol,CT,4,T,0
2020,Febuxostat,CT,4,F,42
2020,Febuxostat,CT,4,T,0
2020,Allopurinol,DC,1,F,877
2020,Allopurinol,DC,1,T,0
2020,Febuxostat,DC,1,T,0
2020,Allopurinol,DC,2,F,750
2020,Allopurinol,DC,2,T,0
2020,Febuxostat,DC,2,T,0
2020,Allopurinol,DC,3,F,697
2020,Allopurinol,DC,3,T,0
2020,Febuxostat,DC,3,T,0
2020,Allopurinol,DC,4,F,470
2020,Allopurinol,DC,4,T,0
2020,Febuxostat,DC,4,T,0
2020,Allopurinol,DE,1,F,822
2020,Allopurinol,DE,1,T,0
2020,Febuxostat,DE,1,T,0
2020,Allopurinol,DE,2,F,877
2020,Allopurinol,DE,2,T,0
2020,Febuxostat,DE,2,T,0
2020,Allopurinol,DE,3,F,822
2020,Allopurinol,DE,3,T,0
2020,Febuxostat,DE,3,T,0
2020,Allopurinol,DE,4,F,748
2020,Allopurinol,DE,4,T,0
2020,Febuxostat,DE,4,T,0
2020,Allopurinol,FL,1,F,8409
2020,Allopurinol,FL,1,T,0
2020,Febuxostat,FL,1,F,103
2020,Febuxostat,FL,1,T,0
2020,Allopurinol,FL,2,F,8340
2020,Allopurinol,FL,2,T,0
2020,Febuxostat,FL,2,F,134
2020,Febuxostat,FL,2,T,0
2020,Allopurinol,FL,3,F,8439
2020,Allopurinol,FL,3,T,0
2020,Febuxostat,FL,3,F,145
2020,Febuxostat,FL,3,T,0
2020,Allopurinol,FL,4,F,8342
2020,Allopurinol,FL,4,T,0
2020,Febuxostat,FL,4,F,126
2020,Febuxostat,FL,4,T,0
2020,Allopurinol,GA,1,F,6104
2020,Allopurinol,GA,1,T,0
2020,Febuxostat,GA,1,F,126
2020,Febuxostat,GA,1,T,0
2020,Allopurinol,GA,2,F,6119
2020,Allopurinol,GA,2,T,0
2020,Febuxostat,GA,2,F,81
2020,Febuxostat,GA,2,T,0
2020,Allopurinol,GA,3,F,5437
2020,Allopurinol,GA,3,T,0
2020,Febuxostat,GA,3,F,52
2020,Febuxostat,GA,3,T,0
2020,Allopurinol,GA,4,F,4965
2020,Allopurinol,GA,4,T,0
2020,Febuxostat,GA,4,F,49
2020,Febuxostat,GA,4,T,0
2020,Allopurinol,HI,1,F,3845
2020,Allopurinol,HI,1,T,0
2020,Febuxostat,HI,1,F,191
2020,Febuxostat,HI,1,T,0
2020,Allopurinol,HI,2,F,3907
2020,Allopurinol,HI,2,T,0
2020,Febuxostat,HI,2,F,216
2020,Febuxostat,HI,2,T,0
2020,Allopurinol,HI,3,F,3693
2020,Allopurinol,HI,3,T,0
2020,Febuxostat,HI,3,F,223
2020,Febuxostat,HI,3,T,0
2020,Allopurinol,HI,4,F,3764
2020,Allopurinol,HI,4,T,0
2020,Febuxostat,HI,4,F,227
2020,Febuxostat,HI,4,T,0
2020,Allopurinol,IA,1,F,1313
2020,Allopurinol,IA,1,T,0
2020,Febuxostat,IA,1,T,0
2020,Allopurinol,IA,2,F,1241
2020,Allopurinol,IA,2,T,0
2020,Febuxostat,IA,2,F,14
2020,Febuxostat,IA,2,T,0
2020,Allopurinol,IA,3,F,2916
2020,Allopurinol,IA,3,T,0
2020,Febuxostat,IA,3,F,63
2020,Febuxostat,IA,3,T,0
2020,Allopurinol,IA,4,F,2494
2020,Allopurinol,IA,4,T,0
2020,Febuxostat,IA,4,F,45
2020,Febuxostat,IA,4,T,0
2020,Allopurinol,ID,1,F,1124
2020,Allopurinol,ID,1,T,0
2020,Febuxostat,ID,1,F,13
2020,Febuxostat,ID,1,T,0
2020,Allopurinol,ID,2,F,1319
2020,Allopurinol,ID,2,T,0
2020,Febuxostat,ID,2,F,17
2020,Febuxostat,ID,2,T,0
2020,Allopurinol,ID,3,F,1462
2020,Allopurinol,ID,3,T,0
2020,Febuxostat,ID,3,F,33
2020,Febuxostat,ID,3,T,0
2020,Allopurinol,ID,4,F,1521
2020,Allopurinol,ID,4,T,0
2020,Febuxostat,ID,4,F,34
2020,Febuxostat,ID,4,T,0
2020,Allopurinol,IL,1,F,15150
2020,Allopurinol,IL,1,T,0
2020,Febuxostat,IL,1,F,126
2020,Febuxostat,IL,1,T,0
2020,Allopurinol,IL,2,F,14613
2020,Allopurinol,IL,2,T,0
2020,Febuxostat,IL,2,F,94
2020,Febuxostat,IL,2,T,0
2020,Allopurinol,IL,3,F,13542
2020,Allopurinol,IL,3,T,0
2020,Febuxostat,IL,3,F,112
2020,Febuxostat,IL,3,T,0
2020,Allopurinol,IL,4,F,7352
2020,Allopurinol,IL,4,T,0
2020,Febuxostat,IL,4,F,39
2020,Febuxostat,IL,4,T,0
2020,Allopurinol,IN,1,F,5123
2020,Allopurinol,IN,1,T,0
2020,Febuxostat,IN,1,F,264
2020,Febuxostat,IN,1,T,0
2020,Allopurinol,IN,2,F,5202
2020,Allopurinol,IN,2,T,0
2020,Febuxostat,IN,2,F,233
2020,Febuxostat,IN,2,T,0
2020,Allopurinol,IN,3,F,5431
2020,Allopurinol,IN,3,T,0
2020,Febuxostat,IN,3,F,247
2020,Febuxostat,IN,3,T,0
2020,Allopurinol,IN,4,F,4805
2020,Allopurinol,IN,4,T,0
2020,Febuxostat,IN,4,F,193
2020,Febuxostat,IN,4,T,0
2020,Allopurinol,KS,1,F,873
2020,Allopurinol,KS,1,T,0
2020,Febuxostat,KS,1,F,29
2020,Febuxostat,KS,1,T,0
2020,Allopurinol,KS,2,F,802
2020,Allopurinol,KS,2,T,0
2020,Febuxostat,KS,2,F,15
2020,Febuxostat,KS,2,T,0
2020,Allopurinol,KS,3,F,761
2020,Allopurinol,KS,3,T,0
2020,Febuxostat,KS,3,T,0
2020,Allopurinol,KS,4,F,390
2020,Allopurinol,KS,4,T,0
2020,Febuxostat,KS,4,T,0
2020,Allopurinol,KY,1,F,10359
2020,Allopurinol,KY,1,T,0
2020,Febuxostat,KY,1,F,505
2020,Febuxostat,KY,1,T,0
2020,Allopurinol,KY,2,F,9884
2020,Allopurinol,KY,2,T,0
2020,Febuxostat,KY,2,F,483
2020,Febuxostat,KY,2,T,0
2020,Allopurinol,KY,3,F,10444
2020,Allopurinol,KY,3,T,0
2020,Febuxostat,KY,3,F,439
2020,Febuxostat,KY,3,T,0
2020,Allopurinol,KY,4,F,10171
2020,Allopurinol,KY,4,T,0
2020,Febuxostat,KY,4,F,423
2020,Febuxostat,KY,4,T,0
2020,Allopurinol,LA,1,F,9154
2020,Allopurinol,LA,1,T,0
2020,Febuxostat,LA,1,F,155
2020,Febuxostat,LA,1,T,0
2020,Allopurinol,LA,2,F,9545
2020,Allopurinol,LA,2,T,0
2020,Febuxostat,LA,2,F,135
2020,Febuxostat,LA,2,T,0
2020,Allopurinol,LA,3,F,9733
2020,Allopurinol,LA,3,T,0
2020,Febuxostat,LA,3,F,125
2020,Febuxostat,LA,3,T,0
2020,Allopurinol,LA,4,F,9889
2020,Allopurinol,LA,4,T,0
2020,Febuxostat,LA,4,F,149
2020,Febuxostat,LA,4,T,0
2020,Allopurinol,MA,1,F,7430
2020,Allopurinol,MA,1,T,0
2020,Febuxostat,MA,1,F,214
2020,Febuxostat,MA,1,T,0
2020,Allopurinol,MA,2,F,6422
2020,Allopurinol,MA,2,T,0
2020,Febuxostat,MA,2,F,150
2020,Febuxostat,MA,2,T,0
2020,Allopurinol,MA,3,F,6003
2020,Allopurinol,MA,3,T,0
2020,Febuxostat,MA,3,F,109
2020,Febuxostat,MA,3,T,0
2020,Allopurinol,MA,4,F,5934
2020,Allopurinol,MA,4,T,0
2020,Febuxostat,MA,4,F,82
2020,Febuxostat,MA,4,T,0
2020,Allopurinol,MD,1,F,4663
2020,Allopurinol,MD,1,T,0
2020,Febuxostat,MD,1,F,113
2020,Febuxostat,MD,1,T,0
2020,Allopurinol,MD,2,F,4929
2020,Allopurinol,MD,2,T,0
2020,Febuxostat,MD,2,F,116
2020,Febuxostat,MD,2,T,0
2020,Allopurinol,MD,3,F,4916
2020,Allopurinol,MD,3,T,0
2020,Febuxostat,MD,3,F,105
2020,Febuxostat,MD,3,T,0
2020,Allopurinol,MD,4,F,5045
2020,Allopurinol,MD,4,T,0
2020,Febuxostat,MD,4,F,111
2020,Febuxostat,MD,4,T,0
2020,Allopurinol,ME,1,F,415
2020,Allopurinol,ME,1,T,0
2020,Febuxostat,ME,1,F,25
2020,Febuxostat,ME,1,T,0
2020,Allopurinol,ME,2,F,412
2020,Allopurinol,ME,2,T,0
2020,Febuxostat,ME,2,F,23
2020,Febuxostat,ME,2,T,0
2020,Allopurinol,ME,3,F,433
2020,Allopurinol,ME,3,T,0
2020,Febuxostat,ME,3,F,18
2020,Febuxostat,ME,3,T,0
2020,Allopurinol,ME,4,F,410
2020,Allopurinol,ME,4,T,0
2020,Febuxostat,ME,4,T,0
2020,Allopurinol,MI,1,F,13304
2020,Allopurinol,MI,1,T,0
2020,Febuxostat,MI,1,F,186
2020,Febuxostat,MI,1,T,0
2020,Allopurinol,MI,2,F,12948
2020,Allopurinol,MI,2,T,0
2020,Febuxostat,MI,2,F,139
2020,Febuxostat,MI,2,T,0
2020,Allopurinol,MI,3,F,13109
2020,Allopurinol,MI,3,T,0
2020,Febuxostat,MI,3,F,179
2020,Febuxostat,MI,3,T,0
2020,Allopurinol,MI,4,F,10969
2020,Allopurinol,MI,4,T,0
2020,Febuxostat,MI,4,F,98
2020,Febuxostat,MI,4,T,0
2020,Allopurinol,MN,1,F,5722
2020,Allopurinol,MN,1,T,0
2020,Febuxostat,MN,1,F,110
2020,Febuxostat,MN,1,T,0
2020,Allopurinol,MN,2,F,5219
2020,Allopurinol,MN,2,T,0
2020,Febuxostat,MN,2,F,101
2020,Febuxostat,MN,2,T,0
2020,Allopurinol,MN,3,F,5016
2020,Allopurinol,MN,3,T,0
2020,Febuxostat,MN,3,F,87
2020,Febuxostat,MN,3,T,0
2020,Allopurinol,MN,4,F,4688
2020,Allopurinol,MN,4,T,0
2020,Febuxostat,MN,4,F,89
2020,Febuxostat,MN,4,T,0
2020,Allopurinol,MO,1,F,3748
2020,Allopurinol,MO,1,T,0
2020,Febuxostat,MO,1,F,75
2020,Febuxostat,MO,1,T,0
2020,Allopurinol,MO,2,F,3666
2020,Allopurinol,MO,2,T,0
2020,Febuxostat,MO,2,F,40
2020,Febuxostat,MO,2,T,0
2020,Allopurinol,MO,3,F,4421
2020,Allopurinol,MO,3,T,0
2020,Febuxostat,MO,3,F,44
2020,Febuxostat,MO,3,T,0
2020,Allopurinol,MO,4,F,4229
2020,Allopurinol,MO,4,T,0
2020,Febuxostat,MO,4,F,24
2020,Febuxostat,MO,4,T,0
2020,Allopurinol,MS,1,F,1583
2020,Allopurinol,MS,1,T,0
2020,Febuxostat,MS,1,F,21
2020,Febuxostat,MS,1,T,0
2020,Allopurinol,MS,2,F,1631
2020,Allopurinol,MS,2,T,0
2020,Febuxostat,MS,2,F,16
2020,Febuxostat,MS,2,T,0
2020,Allopurinol,MS,3,F,1591
2020,Allopurinol,MS,3,T,0
2020,Febuxostat,MS,3,T,0
2020,Allopurinol,MS,4,F,1602
2020,Allopurinol,MS,4,T,0
2020,Febuxostat,MS,4,T,0
2020,Allopurinol,MT,1,F,1195
2020,Allopurinol,MT,1,T,0
2020,Febuxostat,MT,1,F,54
2020,Febuxostat,MT,1,T,0
2020,Allopurinol,MT,2,F,1235
2020,Allopurinol,MT,2,T,0
2020,Febuxostat,MT,2,F,40
2020,Febuxostat,MT,2,T,0
2020,Allopurinol,MT,3,F,1256
2020,Allopurinol,MT,3,T,0
2020,Febuxostat,MT,3,F,19
2020,Febuxostat,MT,3,T,0
2020,Allopurinol,MT,4,F,1233
2020,Allopurinol,MT,4,T,0
2020,Febuxostat,MT,4,F,34
2020,Febuxostat,MT,4,T,0
2020,Allopurinol,NC,1,F,3379
2020,Allopurinol,NC,1,T,0
2020,Febuxostat,NC,1,F,246
2020,Febuxostat,NC,1,T,0
2020,Allopurinol,NC,2,F,2288
2020,Allopurinol,NC,2,T,0
2020,Febuxostat,NC,2,F,42
2020,Febuxostat,NC,2,T,0
2020,Allopurinol,NC,3,F,6912
2020,Allopurinol,NC,3,T,0
2020,Febuxostat,NC,3,F,512
2020,Febuxostat,NC,3,T,0
2020,Allopurinol,NC,4,F,3792
2020,Allopurinol,NC,4,T,0
2020,Febuxostat,NC,4,F,252
2020,Febuxostat,NC,4,T,0
2020,Allopurinol,ND,1,F,277
2020,Allopurinol,ND,1,T,0
2020,Febuxostat,ND,1,T,0
2020,Allopurinol,ND,2,F,296
2020,Allopurinol,ND,2,T,0
2020,Febuxostat,ND,2,T,0
2020,Allopurinol,ND,3,F,296
2020,Allopurinol,ND,3,T,0
2020,Febuxostat,ND,3,T,0
2020,Allopurinol,ND,4,F,357
2020,Allopurinol,ND,4,T,0
2020,Febuxostat,ND,4,T,0
2020,Allopurinol,NE,1,F,470
2020,Allopurinol,NE,1,T,0
2020,Febuxostat,NE,1,T,0
2020,Allopurinol,NE,2,F,426
2020,Allopurinol,NE,2,T,0
2020,Febuxostat,NE,2,T,0
2020,Allopurinol,NE,3,F,416
2020,Allopurinol,NE,3,T,0
2020,Febuxostat,NE,3,T,0
2020,Allopurinol,NE,4,F,557
2020,Allopurinol,NE,4,T,0
2020,Febuxostat,NE,4,T,0
2020,Allopurinol,NH,1,F,556
2020,Allopurinol,NH,1,T,0
2020,Febuxostat,NH,1,T,0
2020,Allopurinol,NH,2,F,537
2020,Allopurinol,NH,2,T,0
2020,Febuxostat,NH,2,T,0
2020,Allopurinol,NH,3,F,529
2020,Allopurinol,NH,3,T,0
2020,Febuxostat,NH,3,T,0
2020,Allopurinol,NH,4,F,511
2020,Allopurinol,NH,4,T,0
2020,Febuxostat,NH,4,T,0
2020,Allopurinol,NJ,1,F,6047
2020,Allopurinol,NJ,1,T,0
2020,Febuxostat,NJ,1,F,195
2020,Febuxostat,NJ,1,T,0
2020,Allopurinol,NJ,2,F,5604
2020,Allopurinol,NJ,2,T,0
2020,Febuxostat,NJ,2,F,166
2020,Febuxostat,NJ,2,T,0
2020,Allopurinol,NJ,3,F,5677
2020,Allopurinol,NJ,3,T,0
2020,Febuxostat,NJ,3,F,172
2020,Febuxostat,NJ,3,T,0
2020,Allopurinol,NJ,4,F,3661
2020,Allopurinol,NJ,4,T,0
2020,Febuxostat,NJ,4,F,131
2020,Febuxostat,NJ,4,T,0
2020,Allopurinol,NM,1,F,36
2020,Allopurinol,NM,1,T,0
2020,Allopurinol,NM,2,F,2218
2020,Allopurinol,NM,2,T,0
2020,Febuxostat,NM,2,F,26
2020,Febuxostat,NM,2,T,0
2020,Allopurinol,NM,3,F,2192
2020,Allopurinol,NM,3,T,0
2020,Febuxostat,NM,3,F,26
2020,Febuxostat,NM,3,T,0
2020,Allopurinol,NM,4,F,1999
2020,Allopurinol,NM,4,T,0
2020,Febuxostat,NM,4,F,26
2020,Febuxostat,NM,4,T,0
2020,Allopurinol,NV,1,F,3438
2020,Allopurinol,NV,1,T,0
2020,Febuxostat,NV,1,F,62
2020,Febuxostat,NV,1,T,0
2020,Allopurinol,NV,2,F,3517
2020,Allopurinol,NV,2,T,0
2020,Febuxostat,NV,2,F,93
2020,Febuxostat,NV,2,T,0
2020,Allopurinol,NV,3,F,3778
2020,Allopurinol,NV,3,T,0
2020,Febuxostat,NV,3,F,81
2020,Febuxostat,NV,3,T,0
2020,Allopurinol,NV,4,F,3501
2020,Allopurinol,NV,4,T,0
2020,Febuxostat,NV,4,F,85
2020,Febuxostat,NV,4,T,0
2020,Allopurinol,NY,1,F,24840
2020,Allopurinol,NY,1,T,0
2020,Febuxostat,NY,1,F,993
2020,Febuxostat,NY,1,T,0
2020,Allopurinol,NY,2,F,24330
2020,Allopurinol,NY,2,T,0
2020,Febuxostat,NY,2,F,953
2020,Febuxostat,NY,2,T,0
2020,Allopurinol,NY,3,F,26281
2020,Allopurinol,NY,3,T,0
2020,Febuxostat,NY,3,F,913
2020,Febuxostat,NY,3,T,0
2020,Allopurinol,NY,4,F,24009
2020,Allopurinol,NY,4,T,0
2020,Febuxostat,NY,4,F,784
2020,Febuxostat,NY,4,T,0
2020,Allopurinol,OH,1,F,17936
2020,Allopurinol,OH,1,T,0
2020,Febuxostat,OH,1,F,529
2020,Febuxostat,OH,1,T,0
2020,Allopurinol,OH,2,F,17640
2020,Allopurinol,OH,2,T,0
2020,Febuxostat,OH,2,F,466
2020,Febuxostat,OH,2,T,0
2020,Allopurinol,OH,3,F,16866
2020,Allopurinol,OH,3,T,0
2020,Febuxostat,OH,3,F,433
2020,Febuxostat,OH,3,T,0
2020,Allopurinol,OH,4,F,11858
2020,Allopurinol,OH,4,T,0
2020,Febuxostat,OH,4,F,250
2020,Febuxostat,OH,4,T,0
2020,Allopurinol,OK,1,F,1092
2020,Allopurinol,OK,1,T,0
2020,Febuxostat,OK,1,F,13
2020,Febuxostat,OK,1,T,0
2020,Allopurinol,OK,2,F,1134
2020,Allopurinol,OK,2,T,0
2020,Febuxostat,OK,2,T,0
2020,Allopurinol,OK,3,F,1132
2020,Allopurinol,OK,3,T,0
2020,Febuxostat,OK,3,F,14
2020,Febuxostat,OK,3,T,0
2020,Allopurinol,OK,4,F,1081
2020,Allopurinol,OK,4,T,0
2020,Febuxostat,OK,4,F,15
2020,Febuxostat,OK,4,T,0
2020,Allopurinol,OR,1,F,5084
2020,Allopurinol,OR,1,T,0
2020,Febuxostat,OR,1,F,72
2020,Febuxostat,OR,1,T,0
2020,Allopurinol,OR,2,F,4918
2020,Allopurinol,OR,2,T,0
2020,Febuxostat,OR,2,F,76
2020,Febuxostat,OR,2,T,0
2020,Allopurinol,OR,3,F,5022
2020,Allopurinol,OR,3,T,0
2020,Febuxostat,OR,3,F,99
2020,Febuxostat,OR,3,T,0
2020,Allopurinol,OR,4,F,4120
2020,Allopurinol,OR,4,T,0
2020,Febuxostat,OR,4,F,88
2020,Febuxostat,OR,4,T,0
2020,Allopurinol,PA,1,F,10380
2020,Allopurinol,PA,1,T,0
2020,Febuxostat,PA,1,F,247
2020,Febuxostat,PA,1,T,0
2020,Allopurinol,PA,2,F,9875
2020,Allopurinol,PA,2,T,0
2020,Febuxostat,PA,2,F,193
2020,Febuxostat,PA,2,T,0
2020,Allopurinol,PA,3,F,10181
2020,Allopurinol,PA,3,T,0
2020,Febuxostat,PA,3,F,223
2020,Febuxostat,PA,3,T,0
2020,Allopurinol,PA,4,F,6058
2020,Allopurinol,PA,4,T,0
2020,Febuxostat,PA,4,F,126
2020,Febuxostat,PA,4,T,0
2020,Allopurinol,RI,1,F,975
2020,Allopurinol,RI,1,T,0
2020,Febuxostat,RI,1,F,13
2020,Febuxostat,RI,1,T,0
2020,Allopurinol,RI,2,F,1008
2020,Allopurinol,RI,2,T,0
2020,Febuxostat,RI,2,T,0
2020,Allopurinol,RI,3,F,1059
2020,Allopurinol,RI,3,T,0
2020,Febuxostat,RI,3,F,14
2020,Febuxostat,RI,3,T,0
2020,Allopurinol,RI,4,F,1077
2020,Allopurinol,RI,4,T,0
2020,Febuxostat,RI,4,T,0
2020,Allopurinol,SC,1,F,1909
2020,Allopurinol,SC,1,T,0
2020,Febuxostat,SC,1,F,81
2020,Febuxostat,SC,1,T,0
2020,Allopurinol,SC,2,F,1703
2020,Allopurinol,SC,2,T,0
2020,Febuxostat,SC,2,F,68
2020,Febuxostat,SC,2,T,0
2020,Allopurinol,SC,3,F,1927
2020,Allopurinol,SC,3,T,0
2020,Febuxostat,SC,3,F,77
2020,Febuxostat,SC,3,T,0
2020,Allopurinol,SC,4,F,1276
2020,Allopurinol,SC,4,T,0
2020,Febuxostat,SC,4,F,64
2020,Febuxostat,SC,4,T,0
2020,Allopurinol,SD,1,F,121
2020,Allopurinol,SD,1,T,0
2020,Febuxostat,SD,1,T,0
2020,Allopurinol,SD,2,F,112
2020,Allopurinol,SD,2,T,0
2020,Febuxostat,SD,2,T,0
2020,Allopurinol,SD,3,F,129
2020,Allopurinol,SD,3,T,0
2020,Febuxostat,SD,3,T,0
2020,Allopurinol,SD,4,F,121
2020,Allopurinol,SD,4,T,0
2020,Febuxostat,SD,4,T,0
2020,Allopurinol,TN,1,F,4798
2020,Allopurinol,TN,1,T,0
2020,Febuxostat,TN,1,F,159
2020,Febuxostat,TN,1,T,0
2020,Allopurinol,TN,2,F,5029
2020,Allopurinol,TN,2,T,0
2020,Febuxostat,TN,2,F,157
2020,Febuxostat,TN,2,T,0
2020,Allopurinol,TN,3,F,4912
2020,Allopurinol,TN,3,T,0
2020,Febuxostat,TN,3,F,150
2020,Febuxostat,TN,3,T,0
2020,Allopurinol,TN,4,F,4952
2020,Allopurinol,TN,4,T,0
2020,Febuxostat,TN,4,F,137
2020,Febuxostat,TN,4,T,0
2020,Allopurinol,TX,1,F,7321
2020,Allopurinol,TX,1,T,0
2020,Febuxostat,TX,1,F,397
2020,Allopurinol,TX,2,F,6957
2020,Allopurinol,TX,2,T,0
2020,Febuxostat,TX,2,F,343
2020,Febuxostat,TX,2,T,0
2020,Allopurinol,TX,3,F,6646
2020,Allopurinol,TX,3,T,0
2020,Allopurinol Sodium,TX,3,T,0
2020,Febuxostat,TX,3,F,302
2020,Febuxostat,TX,3,T,0
2020,Allopurinol,TX,4,F,6652
2020,Allopurinol,TX,4,T,0
2020,Febuxostat,TX,4,F,240
2020,Febuxostat,TX,4,T,0
2020,Allopurinol,UT,1,F,729
2020,Allopurinol,UT,1,T,0
2020,Febuxostat,UT,1,F,14
2020,Febuxostat,UT,1,T,0
2020,Allopurinol,UT,2,F,793
2020,Allopurinol,UT,2,T,0
2020,Febuxostat,UT,2,T,0
2020,Allopurinol,UT,3,F,665
2020,Allopurinol,UT,3,T,0
2020,Febuxostat,UT,3,T,0
2020,Allopurinol,UT,4,F,691
2020,Allopurinol,UT,4,T,0
2020,Febuxostat,UT,4,F,13
2020,Febuxostat,UT,4,T,0
2020,Allopurinol,VA,1,F,7499
2020,Allopurinol,VA,1,T,0
2020,Febuxostat,VA,1,F,257
2020,Febuxostat,VA,1,T,0
2020,Allopurinol,VA,2,F,7000
2020,Allopurinol,VA,2,T,0
2020,Febuxostat,VA,2,F,256
2020,Febuxostat,VA,2,T,0
2020,Allopurinol,VA,3,F,6447
2020,Allopurinol,VA,3,T,0
2020,Febuxostat,VA,3,F,196
2020,Febuxostat,VA,3,T,0
2020,Allopurinol,VA,4,F,6148
2020,Allopurinol,VA,4,T,0
2020,Febuxostat,VA,4,F,229
2020,Febuxostat,VA,4,T,0
2020,Allopurinol,VT,1,F,284
2020,Allopurinol,VT,1,T,0
2020,Febuxostat,VT,1,T,0
2020,Allopurinol,VT,2,F,244
2020,Allopurinol,VT,2,T,0
2020,Febuxostat,VT,2,T,0
2020,Allopurinol,VT,3,F,275
2020,Allopurinol,VT,3,T,0
2020,Febuxostat,VT,3,T,0
2020,Allopurinol,VT,4,F,281
2020,Allopurinol,VT,4,T,0
2020,Febuxostat,VT,4,T,0
2020,Allopurinol,WA,1,F,6709
2020,Allopurinol,WA,1,T,0
2020,Febuxostat,WA,1,F,122
2020,Febuxostat,WA,1,T,0
2020,Allopurinol,WA,2,F,6562
2020,Allopurinol,WA,2,T,0
2020,Febuxostat,WA,2,F,134
2020,Febuxostat,WA,2,T,0
2020,Allopurinol,WA,3,F,6678
2020,Allopurinol,WA,3,T,0
2020,Febuxostat,WA,3,F,99
2020,Febuxostat,WA,3,T,0
2020,Allopurinol,WA,4,F,6183
2020,Allopurinol,WA,4,T,0
2020,Febuxostat,WA,4,F,82
2020,Febuxostat,WA,4,T,0
2020,Allopurinol,WI,1,F,4247
2020,Allopurinol,WI,1,T,0
2020,Febuxostat,WI,1,F,281
2020,Febuxostat,WI,1,T,0
2020,Allopurinol,WI,2,F,4498
2020,Allopurinol,WI,2,T,0
2020,Febuxostat,WI,2,F,288
2020,Allopurinol,WI,3,F,4733
2020,Allopurinol,WI,3,T,0
2020,Febuxostat,WI,3,F,258
2020,Allopurinol,WI,4,F,4847
2020,Allopurinol,WI,4,T,0
2020,Febuxostat,WI,4,F,248
2020,Allopurinol,WV,1,F,4131
2020,Allopurinol,WV,1,T,0
2020,Febuxostat,WV,1,F,73
2020,Febuxostat,WV,1,T,0
2020,Allopurinol,WV,2,F,3914
2020,Allopurinol,WV,2,T,0
2020,Febuxostat,WV,2,F,52
2020,Febuxostat,WV,2,T,0
2020,Allopurinol,WV,3,F,3775
2020,Allopurinol,WV,3,T,0
2020,Febuxostat,WV,3,F,42
2020,Febuxostat,WV,3,T,0
2020,Allopurinol,WV,4,F,3451
2020,Allopurinol,WV,4,T,0
2020,Febuxostat,WV,4,F,33
2020,Febuxostat,WV,4,T,0
2020,Allopurinol,WY,1,F,56
2020,Allopurinol,WY,1,T,0
2020,Allopurinol,WY,2,F,26
2020,Allopurinol,WY,2,T,0
2020,Allopurinol,WY,3,F,38
2020,Allopurinol,WY,3,T,0
2020,Febuxostat,WY,3,T,0
2020,Allopurinol,WY,4,F,32
2020,Allopurinol,WY,4,T,0
2020,Febuxostat,WY,4,T,0
