year,gennme,prodnme,state,quarter,totalRXImputed
2017,Allopurinol,ALLOPURINOL,AK,1,752
2017,Febuxostat,ULORIC,AK,1,73
2017,Allopurinol,ALLOPURINOL,AK,2,773
2017,Febuxostat,ULORIC,AK,2,88
2017,Allopurinol,ALLOPURINOL,AK,3,867
2017,Febuxostat,ULORIC,AK,3,91
2017,Allopurinol,ALLOPURINOL,AK,4,702
2017,Febuxostat,ULORIC,AK,4,80
2017,Allopurinol,ALLOPURINOL,AL,1,2412
2017,Febuxostat,ULORIC,AL,1,469
2017,Allopurinol,ALLOPURINOL,AL,2,2465
2017,Febuxostat,ULORIC,AL,2,475
2017,Allopurinol,ALLOPURINOL,AL,3,2438
2017,Febuxostat,ULORIC,AL,3,434
2017,Allopurinol,ALLOPURINOL,AL,4,2494
2017,Febuxostat,ULORIC,AL,4,459
2017,Allopurinol,ALLOPURINOL,AR,1,1424
2017,Febuxostat,ULORIC,AR,1,20
2017,Allopurinol,ALLOPURINOL,AR,2,1600
2017,Febuxostat,ULORIC,AR,2,20
2017,Allopurinol,ALLOPURINOL,AR,3,1697
2017,Febuxostat,ULORIC,AR,3,20
2017,Allopurinol,ALLOPURINOL,AR,4,1604
2017,Febuxostat,ULORIC,AR,4,20
2017,Allopurinol,ALLOPURINOL,AZ,1,6690
2017,Febuxostat,ULORIC,AZ,1,430
2017,Allopurinol,ALLOPURINOL,AZ,2,7123
2017,Febuxostat,ULORIC,AZ,2,477
2017,Allopurinol,ALLOPURINOL,AZ,3,7181
2017,Febuxostat,ULORIC,AZ,3,435
2017,Allopurinol,ALLOPURINOL,AZ,4,6883
2017,Febuxostat,ULORIC,AZ,4,439
2017,Allopurinol,ALLOPURINOL,CA,1,47456
2017,Febuxostat,ULORIC,CA,1,2601
2017,Allopurinol,ALLOPURINOL,CA,2,50281
2017,Febuxostat,ULORIC,CA,2,2836
2017,Allopurinol,ALLOPURINOL,CA,3,49534
2017,Allopurinol,ZYLOPRIM,CA,3,10
2017,Febuxostat,ULORIC,CA,3,2822
2017,Allopurinol,ALLOPURINOL,CA,4,49998
2017,Allopurinol,ZYLOPRIM,CA,4,10
2017,Febuxostat,ULORIC,CA,4,2861
2017,Allopurinol,ALLOPURINOL,CO,1,3477
2017,Febuxostat,ULORIC,CO,1,272
2017,Allopurinol,ALLOPURINOL,CO,2,3713
2017,Febuxostat,ULORIC,CO,2,349
2017,Allopurinol,ALLOPURINOL,CO,3,3737
2017,Febuxostat,ULORIC,CO,3,365
2017,Allopurinol,ALLOPURINOL,CO,4,3600
2017,Febuxostat,ULORIC,CO,4,327
2017,Allopurinol,ALLOPURINOL,CT,1,2696
2017,Febuxostat,ULORIC,CT,1,243
2017,Allopurinol,ALLOPURINOL,CT,2,2729
2017,Febuxostat,ULORIC,CT,2,271
2017,Allopurinol,ALLOPURINOL,CT,3,2792
2017,Febuxostat,ULORIC,CT,3,272
2017,Allopurinol,ALLOPURINOL,CT,4,2840
2017,Febuxostat,ULORIC,CT,4,243
2017,Allopurinol,ALLOPURINOL,DC,1,1323
2017,Febuxostat,ULORIC,DC,1,30
2017,Allopurinol,ALLOPURINOL,DC,2,1359
2017,Febuxostat,ULORIC,DC,2,30
2017,Allopurinol,ALLOPURINOL,DC,3,1220
2017,Febuxostat,ULORIC,DC,3,37
2017,Allopurinol,ALLOPURINOL,DC,4,1321
2017,Febuxostat,ULORIC,DC,4,39
2017,Allopurinol,ALLOPURINOL,DE,1,818
2017,Febuxostat,ULORIC,DE,1,30
2017,Allopurinol,ALLOPURINOL,DE,2,857
2017,Febuxostat,ULORIC,DE,2,32
2017,Allopurinol,ALLOPURINOL,DE,3,875
2017,Febuxostat,ULORIC,DE,3,37
2017,Allopurinol,ALLOPURINOL,DE,4,828
2017,Febuxostat,ULORIC,DE,4,36
2017,Allopurinol,ALLOPURINOL,FL,1,9468
2017,Febuxostat,ULORIC,FL,1,207
2017,Allopurinol,ALLOPURINOL,FL,2,12250
2017,Febuxostat,ULORIC,FL,2,251
2017,Allopurinol,ALLOPURINOL,FL,3,10279
2017,Febuxostat,ULORIC,FL,3,231
2017,Allopurinol,ALLOPURINOL,FL,4,10069
2017,Febuxostat,ULORIC,FL,4,221
2017,Allopurinol,ALLOPURINOL,GA,1,5873
2017,Febuxostat,ULORIC,GA,1,189
2017,Allopurinol,ALLOPURINOL,GA,2,6134
2017,Febuxostat,ULORIC,GA,2,208
2017,Allopurinol,ALLOPURINOL,GA,3,6119
2017,Febuxostat,ULORIC,GA,3,205
2017,Allopurinol,ALLOPURINOL,GA,4,6181
2017,Febuxostat,ULORIC,GA,4,207
2017,Allopurinol,ALLOPURINOL,HI,1,5358
2017,Febuxostat,ULORIC,HI,1,378
2017,Allopurinol,ALLOPURINOL,HI,2,5304
2017,Febuxostat,ULORIC,HI,2,376
2017,Allopurinol,ALLOPURINOL,HI,3,4504
2017,Febuxostat,ULORIC,HI,3,294
2017,Allopurinol,ALLOPURINOL,HI,4,4064
2017,Febuxostat,ULORIC,HI,4,257
2017,Allopurinol,ALLOPURINOL,IA,1,1118
2017,Febuxostat,ULORIC,IA,1,33
2017,Allopurinol,ALLOPURINOL,IA,2,1214
2017,Febuxostat,ULORIC,IA,2,38
2017,Allopurinol,ALLOPURINOL,IA,3,1304
2017,Febuxostat,ULORIC,IA,3,34
2017,Allopurinol,ALLOPURINOL,IA,4,1453
2017,Febuxostat,ULORIC,IA,4,56
2017,Allopurinol,ALLOPURINOL,ID,1,772
2017,Febuxostat,ULORIC,ID,1,20
2017,Allopurinol,ALLOPURINOL,ID,2,744
2017,Febuxostat,ULORIC,ID,2,26
2017,Allopurinol,ALLOPURINOL,ID,3,791
2017,Febuxostat,ULORIC,ID,3,26
2017,Allopurinol,ALLOPURINOL,ID,4,816
2017,Febuxostat,ULORIC,ID,4,28
2017,Allopurinol,ALLOPURINOL,IL,1,19590
2017,Febuxostat,ULORIC,IL,1,375
2017,Allopurinol,ALLOPURINOL,IL,2,13721
2017,Febuxostat,ULORIC,IL,2,261
2017,Allopurinol,ALLOPURINOL,IL,3,14463
2017,Febuxostat,ULORIC,IL,3,272
2017,Allopurinol,ALLOPURINOL,IL,4,14316
2017,Febuxostat,ULORIC,IL,4,293
2017,Allopurinol,ALLOPURINOL,IN,1,5570
2017,Febuxostat,ULORIC,IN,1,373
2017,Allopurinol,ALLOPURINOL,IN,2,5744
2017,Febuxostat,ULORIC,IN,2,388
2017,Allopurinol,ALLOPURINOL,IN,3,5928
2017,Febuxostat,ULORIC,IN,3,340
2017,Allopurinol,ALLOPURINOL,IN,4,6094
2017,Febuxostat,ULORIC,IN,4,352
2017,Allopurinol,ALLOPURINOL,KS,1,946
2017,Febuxostat,ULORIC,KS,1,43
2017,Allopurinol,ALLOPURINOL,KS,2,2113
2017,Febuxostat,ULORIC,KS,2,126
2017,Allopurinol,ALLOPURINOL,KS,3,850
2017,Febuxostat,ULORIC,KS,3,48
2017,Allopurinol,ALLOPURINOL,KS,4,894
2017,Febuxostat,ULORIC,KS,4,57
2017,Allopurinol,ALLOPURINOL,KY,1,10619
2017,Allopurinol,ZYLOPRIM,KY,1,10
2017,Febuxostat,ULORIC,KY,1,794
2017,Allopurinol,ALLOPURINOL,KY,2,7683
2017,Allopurinol,ZYLOPRIM,KY,2,10
2017,Febuxostat,ULORIC,KY,2,324
2017,Allopurinol,ALLOPURINOL,KY,3,11213
2017,Allopurinol,ZYLOPRIM,KY,3,10
2017,Febuxostat,ULORIC,KY,3,779
2017,Allopurinol,ALLOPURINOL,KY,4,11115
2017,Allopurinol,ZYLOPRIM,KY,4,10
2017,Febuxostat,ULORIC,KY,4,820
2017,Allopurinol,ALLOPURINOL,LA,1,7024
2017,Febuxostat,ULORIC,LA,1,245
2017,Allopurinol,ALLOPURINOL,LA,2,8320
2017,Febuxostat,ULORIC,LA,2,293
2017,Allopurinol,ALLOPURINOL,LA,3,7989
2017,Febuxostat,ULORIC,LA,3,284
2017,Allopurinol,ALLOPURINOL,LA,4,8092
2017,Febuxostat,ULORIC,LA,4,312
2017,Allopurinol,ALLOPURINOL,MA,1,6499
2017,Febuxostat,ULORIC,MA,1,222
2017,Allopurinol,ALLOPURINOL,MA,2,6977
2017,Febuxostat,ULORIC,MA,2,254
2017,Allopurinol,ALLOPURINOL,MA,3,6282
2017,Febuxostat,ULORIC,MA,3,227
2017,Allopurinol,ALLOPURINOL,MA,4,6299
2017,Febuxostat,ULORIC,MA,4,230
2017,Allopurinol,ALLOPURINOL,MD,1,5374
2017,Febuxostat,ULORIC,MD,1,230
2017,Allopurinol,ALLOPURINOL,MD,2,5345
2017,Febuxostat,ULORIC,MD,2,220
2017,Allopurinol,ALLOPURINOL,MD,3,4924
2017,Febuxostat,ULORIC,MD,3,214
2017,Allopurinol,ALLOPURINOL,MD,4,5366
2017,Febuxostat,ULORIC,MD,4,258
2017,Allopurinol,ALLOPURINOL,ME,1,530
2017,Febuxostat,ULORIC,ME,1,26
2017,Allopurinol,ALLOPURINOL,ME,2,563
2017,Febuxostat,ULORIC,ME,2,41
2017,Allopurinol,ALLOPURINOL,ME,3,531
2017,Febuxostat,ULORIC,ME,3,45
2017,Allopurinol,ALLOPURINOL,ME,4,576
2017,Febuxostat,ULORIC,ME,4,45
2017,Allopurinol,ALLOPURINOL,MI,1,13063
2017,Febuxostat,ULORIC,MI,1,312
2017,Allopurinol,ALLOPURINOL,MI,2,13431
2017,Febuxostat,ULORIC,MI,2,335
2017,Allopurinol,ALLOPURINOL,MI,3,13534
2017,Febuxostat,ULORIC,MI,3,359
2017,Allopurinol,ALLOPURINOL,MI,4,13578
2017,Febuxostat,ULORIC,MI,4,313
2017,Allopurinol,ALLOPURINOL,MN,1,6768
2017,Febuxostat,ULORIC,MN,1,320
2017,Allopurinol,ALLOPURINOL,MN,2,7197
2017,Febuxostat,ULORIC,MN,2,331
2017,Allopurinol,ALLOPURINOL,MN,3,7256
2017,Febuxostat,ULORIC,MN,3,293
2017,Allopurinol,ALLOPURINOL,MN,4,7252
2017,Febuxostat,ULORIC,MN,4,294
2017,Allopurinol,ALLOPURINOL,MO,1,3816
2017,Febuxostat,ULORIC,MO,1,197
2017,Allopurinol,ALLOPURINOL,MO,2,3672
2017,Febuxostat,ULORIC,MO,2,210
2017,Allopurinol,ALLOPURINOL,MO,3,3872
2017,Febuxostat,ULORIC,MO,3,240
2017,Allopurinol,ALLOPURINOL,MO,4,3881
2017,Allopurinol Sodium,ALLOPURINOL SODIUM,MO,4,10
2017,Febuxostat,ULORIC,MO,4,232
2017,Allopurinol,ALLOPURINOL,MS,1,1973
2017,Febuxostat,ULORIC,MS,1,83
2017,Allopurinol,ALLOPURINOL,MS,2,2086
2017,Febuxostat,ULORIC,MS,2,89
2017,Allopurinol,ALLOPURINOL,MS,3,2019
2017,Febuxostat,ULORIC,MS,3,83
2017,Allopurinol,ALLOPURINOL,MS,4,1975
2017,Febuxostat,ULORIC,MS,4,79
2017,Allopurinol,ALLOPURINOL,MT,1,1131
2017,Febuxostat,ULORIC,MT,1,61
2017,Allopurinol,ALLOPURINOL,MT,2,1283
2017,Febuxostat,ULORIC,MT,2,68
2017,Allopurinol,ALLOPURINOL,MT,3,1309
2017,Febuxostat,ULORIC,MT,3,70
2017,Allopurinol,ALLOPURINOL,MT,4,1379
2017,Febuxostat,ULORIC,MT,4,88
2017,Allopurinol,ALLOPURINOL,NC,1,5074
2017,Febuxostat,ULORIC,NC,1,772
2017,Allopurinol,ALLOPURINOL,NC,2,4394
2017,Febuxostat,ULORIC,NC,2,646
2017,Allopurinol,ALLOPURINOL,NC,3,5029
2017,Febuxostat,ULORIC,NC,3,767
2017,Allopurinol,ALLOPURINOL,NC,4,4236
2017,Allopurinol,ZYLOPRIM,NC,4,10
2017,Febuxostat,ULORIC,NC,4,643
2017,Allopurinol,ALLOPURINOL,ND,1,472
2017,Febuxostat,ULORIC,ND,1,30
2017,Allopurinol,ALLOPURINOL,ND,2,552
2017,Febuxostat,ULORIC,ND,2,30
2017,Allopurinol,ALLOPURINOL,ND,3,500
2017,Febuxostat,ULORIC,ND,3,30
2017,Allopurinol,ALLOPURINOL,ND,4,492
2017,Febuxostat,ULORIC,ND,4,30
2017,Allopurinol,ALLOPURINOL,NE,1,896
2017,Febuxostat,ULORIC,NE,1,41
2017,Allopurinol,ALLOPURINOL,NE,2,764
2017,Febuxostat,ULORIC,NE,2,29
2017,Allopurinol,ALLOPURINOL,NE,3,835
2017,Febuxostat,ULORIC,NE,3,31
2017,Allopurinol,ALLOPURINOL,NE,4,794
2017,Febuxostat,ULORIC,NE,4,32
2017,Allopurinol,ALLOPURINOL,NH,1,432
2017,Febuxostat,ULORIC,NH,1,20
2017,Allopurinol,ALLOPURINOL,NH,2,452
2017,Febuxostat,ULORIC,NH,2,30
2017,Allopurinol,ALLOPURINOL,NH,3,443
2017,Febuxostat,ULORIC,NH,3,20
2017,Allopurinol,ALLOPURINOL,NH,4,445
2017,Febuxostat,ULORIC,NH,4,20
2017,Allopurinol,ALLOPURINOL,NJ,1,6483
2017,Febuxostat,ULORIC,NJ,1,391
2017,Allopurinol,ALLOPURINOL,NJ,2,6674
2017,Febuxostat,ULORIC,NJ,2,447
2017,Allopurinol,ALLOPURINOL,NJ,3,7091
2017,Febuxostat,ULORIC,NJ,3,436
2017,Allopurinol,ALLOPURINOL,NJ,4,6896
2017,Febuxostat,ULORIC,NJ,4,403
2017,Allopurinol,ALLOPURINOL,NM,1,2696
2017,Febuxostat,ULORIC,NM,1,111
2017,Allopurinol,ALLOPURINOL,NM,2,2806
2017,Febuxostat,ULORIC,NM,2,96
2017,Allopurinol,ALLOPURINOL,NM,3,2693
2017,Febuxostat,ULORIC,NM,3,96
2017,Allopurinol,ALLOPURINOL,NM,4,2478
2017,Febuxostat,ULORIC,NM,4,86
2017,Allopurinol,ALLOPURINOL,NV,1,4004
2017,Febuxostat,ULORIC,NV,1,201
2017,Allopurinol,ALLOPURINOL,NV,2,3821
2017,Febuxostat,ULORIC,NV,2,200
2017,Allopurinol,ALLOPURINOL,NV,3,3865
2017,Febuxostat,ULORIC,NV,3,197
2017,Allopurinol,ALLOPURINOL,NV,4,3716
2017,Febuxostat,ULORIC,NV,4,189
2017,Allopurinol,ALLOPURINOL,NY,1,24058
2017,Febuxostat,ULORIC,NY,1,1543
2017,Allopurinol,ALLOPURINOL,NY,2,25280
2017,Febuxostat,ULORIC,NY,2,1598
2017,Allopurinol,ALLOPURINOL,NY,3,26493
2017,Febuxostat,ULORIC,NY,3,1721
2017,Allopurinol,ALLOPURINOL,NY,4,25989
2017,Febuxostat,ULORIC,NY,4,1623
2017,Allopurinol,ALLOPURINOL,OH,1,20531
2017,Febuxostat,ULORIC,OH,1,891
2017,Allopurinol,ALLOPURINOL,OH,2,24503
2017,Febuxostat,ULORIC,OH,2,1173
2017,Allopurinol,ALLOPURINOL,OH,3,18922
2017,Febuxostat,ULORIC,OH,3,854
2017,Allopurinol,ALLOPURINOL,OH,4,18872
2017,Febuxostat,ULORIC,OH,4,845
2017,Allopurinol,ALLOPURINOL,OK,1,1263
2017,Febuxostat,ULORIC,OK,1,57
2017,Allopurinol,ALLOPURINOL,OK,2,1286
2017,Febuxostat,ULORIC,OK,2,59
2017,Allopurinol,ALLOPURINOL,OK,3,1249
2017,Febuxostat,ULORIC,OK,3,67
2017,Allopurinol,ALLOPURINOL,OK,4,1205
2017,Febuxostat,ULORIC,OK,4,70
2017,Allopurinol,ALLOPURINOL,OR,1,5166
2017,Febuxostat,ULORIC,OR,1,157
2017,Allopurinol,ALLOPURINOL,OR,2,7156
2017,Febuxostat,ULORIC,OR,2,234
2017,Allopurinol,ALLOPURINOL,OR,3,5048
2017,Febuxostat,ULORIC,OR,3,162
2017,Allopurinol,ALLOPURINOL,OR,4,4918
2017,Febuxostat,ULORIC,OR,4,174
2017,Allopurinol,ALLOPURINOL,PA,1,10880
2017,Febuxostat,ULORIC,PA,1,391
2017,Allopurinol,ALLOPURINOL,PA,2,16186
2017,Febuxostat,ULORIC,PA,2,562
2017,Allopurinol,ALLOPURINOL,PA,3,11877
2017,Allopurinol,ZYLOPRIM,PA,3,10
2017,Febuxostat,ULORIC,PA,3,428
2017,Allopurinol,ALLOPURINOL,PA,4,11808
2017,Febuxostat,ULORIC,PA,4,412
2017,Allopurinol,ALLOPURINOL,RI,1,1366
2017,Febuxostat,ULORIC,RI,1,45
2017,Allopurinol,ALLOPURINOL,RI,2,1412
2017,Febuxostat,ULORIC,RI,2,49
2017,Allopurinol,ALLOPURINOL,RI,3,1508
2017,Febuxostat,ULORIC,RI,3,49
2017,Allopurinol,ALLOPURINOL,RI,4,1513
2017,Febuxostat,ULORIC,RI,4,42
2017,Allopurinol,ALLOPURINOL,SC,1,2134
2017,Febuxostat,ULORIC,SC,1,138
2017,Allopurinol,ALLOPURINOL,SC,2,2200
2017,Febuxostat,ULORIC,SC,2,147
2017,Allopurinol,ALLOPURINOL,SC,3,2401
2017,Febuxostat,ULORIC,SC,3,150
2017,Allopurinol,ALLOPURINOL,SC,4,2385
2017,Febuxostat,ULORIC,SC,4,149
2017,Allopurinol,ALLOPURINOL,SD,1,303
2017,Febuxostat,ULORIC,SD,1,23
2017,Allopurinol,ALLOPURINOL,SD,2,330
2017,Febuxostat,ULORIC,SD,2,29
2017,Allopurinol,ALLOPURINOL,SD,3,313
2017,Febuxostat,ULORIC,SD,3,20
2017,Allopurinol,ALLOPURINOL,SD,4,278
2017,Febuxostat,ULORIC,SD,4,20
2017,Allopurinol,ALLOPURINOL,TN,1,4141
2017,Febuxostat,ULORIC,TN,1,223
2017,Allopurinol,ALLOPURINOL,TN,2,4104
2017,Febuxostat,ULORIC,TN,2,233
2017,Allopurinol,ALLOPURINOL,TN,3,4123
2017,Febuxostat,ULORIC,TN,3,220
2017,Allopurinol,ALLOPURINOL,TN,4,4223
2017,Febuxostat,ULORIC,TN,4,222
2017,Allopurinol,ALLOPURINOL,TX,1,7709
2017,Febuxostat,ULORIC,TX,1,587
2017,Allopurinol,ALLOPURINOL,TX,2,7990
2017,Febuxostat,ULORIC,TX,2,583
2017,Allopurinol,ALLOPURINOL,TX,3,8140
2017,Febuxostat,ULORIC,TX,3,614
2017,Allopurinol,ALLOPURINOL,TX,4,8202
2017,Febuxostat,ULORIC,TX,4,599
2017,Allopurinol,ALLOPURINOL,UT,1,840
2017,Febuxostat,ULORIC,UT,1,49
2017,Allopurinol,ALLOPURINOL,UT,2,867
2017,Febuxostat,ULORIC,UT,2,49
2017,Allopurinol,ALLOPURINOL,UT,3,904
2017,Febuxostat,ULORIC,UT,3,39
2017,Allopurinol,ALLOPURINOL,UT,4,893
2017,Febuxostat,ULORIC,UT,4,39
2017,Allopurinol,ALLOPURINOL,VA,1,3811
2017,Febuxostat,ULORIC,VA,1,305
2017,Allopurinol,ALLOPURINOL,VA,2,3884
2017,Febuxostat,ULORIC,VA,2,302
2017,Allopurinol,ALLOPURINOL,VA,3,4113
2017,Febuxostat,ULORIC,VA,3,313
2017,Allopurinol,ALLOPURINOL,VA,4,4168
2017,Febuxostat,ULORIC,VA,4,317
2017,Allopurinol,ALLOPURINOL,VT,1,512
2017,Febuxostat,ULORIC,VT,1,28
2017,Allopurinol,ALLOPURINOL,VT,2,473
2017,Febuxostat,ULORIC,VT,2,20
2017,Allopurinol,ALLOPURINOL,VT,3,487
2017,Febuxostat,ULORIC,VT,3,22
2017,Allopurinol,ALLOPURINOL,VT,4,473
2017,Febuxostat,ULORIC,VT,4,20
2017,Allopurinol,ALLOPURINOL,WA,1,6759
2017,Febuxostat,ULORIC,WA,1,283
2017,Allopurinol,ALLOPURINOL,WA,2,6575
2017,Febuxostat,ULORIC,WA,2,286
2017,Allopurinol,ALLOPURINOL,WA,3,8621
2017,Febuxostat,ULORIC,WA,3,374
2017,Allopurinol,ALLOPURINOL,WA,4,6588
2017,Febuxostat,ULORIC,WA,4,284
2017,Allopurinol,ALLOPURINOL,WI,1,4575
2017,Febuxostat,ULORIC,WI,1,440
2017,Allopurinol,ALLOPURINOL,WI,2,4577
2017,Febuxostat,ULORIC,WI,2,419
2017,Allopurinol,ALLOPURINOL,WI,3,4537
2017,Febuxostat,ULORIC,WI,3,412
2017,Allopurinol,ALLOPURINOL,WI,4,4489
2017,Febuxostat,ULORIC,WI,4,372
2017,Allopurinol,ALLOPURINOL,WV,1,4732
2017,Febuxostat,ULORIC,WV,1,221
2017,Allopurinol,ALLOPURINOL,WV,2,4756
2017,Febuxostat,ULORIC,WV,2,237
2017,Allopurinol,ALLOPURINOL,WV,3,3105
2017,Febuxostat,ULORIC,WV,3,122
2017,Allopurinol,ALLOPURINOL,WV,4,4687
2017,Febuxostat,ULORIC,WV,4,201
2017,Allopurinol,ALLOPURINOL,WY,1,198
2017,Febuxostat,ULORIC,WY,1,10
2017,Allopurinol,ALLOPURINOL,WY,2,215
2017,Febuxostat,ULORIC,WY,2,10
2017,Allopurinol,ALLOPURINOL,WY,3,195
2017,Febuxostat,ULORIC,WY,3,20
2017,Allopurinol,ALLOPURINOL,WY,4,203
2018,Allopurinol,ALLOPURINOL,AK,1,737
2018,Febuxostat,ULORIC,AK,1,86
2018,Allopurinol,ALLOPURINOL,AK,2,563
2018,Febuxostat,ULORIC,AK,2,46
2018,Allopurinol,ALLOPURINOL,AK,3,1000
2018,Febuxostat,ULORIC,AK,3,97
2018,Allopurinol,ALLOPURINOL,AK,4,737
2018,Febuxostat,ULORIC,AK,4,61
2018,Allopurinol,ALLOPURINOL,AL,1,2551
2018,Febuxostat,ULORIC,AL,1,411
2018,Allopurinol,ALLOPURINOL,AL,2,2498
2018,Febuxostat,ULORIC,AL,2,422
2018,Allopurinol,ALLOPURINOL,AL,3,2496
2018,Febuxostat,ULORIC,AL,3,440
2018,Allopurinol,ALLOPURINOL,AL,4,2567
2018,Febuxostat,ULORIC,AL,4,431
2018,Allopurinol,ALLOPURINOL,AR,1,1554
2018,Febuxostat,ULORIC,AR,1,20
2018,Allopurinol,ALLOPURINOL,AR,2,1519
2018,Febuxostat,ULORIC,AR,2,20
2018,Allopurinol,ALLOPURINOL,AR,3,1672
2018,Febuxostat,ULORIC,AR,3,20
2018,Allopurinol,ALLOPURINOL,AR,4,1820
2018,Febuxostat,ULORIC,AR,4,20
2018,Allopurinol,ALLOPURINOL,AZ,1,6683
2018,Febuxostat,ULORIC,AZ,1,419
2018,Allopurinol,ALLOPURINOL,AZ,2,6672
2018,Febuxostat,ULORIC,AZ,2,408
2018,Allopurinol,ALLOPURINOL,AZ,3,6698
2018,Febuxostat,ULORIC,AZ,3,378
2018,Allopurinol,ALLOPURINOL,AZ,4,6450
2018,Febuxostat,ULORIC,AZ,4,323
2018,Allopurinol,ALLOPURINOL,CA,1,49061
2018,Febuxostat,ULORIC,CA,1,2820
2018,Allopurinol,ALLOPURINOL,CA,2,49579
2018,Allopurinol,ZYLOPRIM,CA,2,20
2018,Febuxostat,ULORIC,CA,2,2749
2018,Allopurinol,ALLOPURINOL,CA,3,49934
2018,Febuxostat,ULORIC,CA,3,2776
2018,Allopurinol,ALLOPURINOL,CA,4,49857
2018,Febuxostat,ULORIC,CA,4,2744
2018,Allopurinol,ALLOPURINOL,CO,1,3300
2018,Febuxostat,ULORIC,CO,1,338
2018,Allopurinol,ALLOPURINOL,CO,2,3474
2018,Febuxostat,ULORIC,CO,2,380
2018,Allopurinol,ALLOPURINOL,CO,3,3337
2018,Febuxostat,ULORIC,CO,3,360
2018,Allopurinol,ALLOPURINOL,CO,4,3446
2018,Febuxostat,ULORIC,CO,4,333
2018,Allopurinol,ALLOPURINOL,CT,1,3010
2018,Febuxostat,ULORIC,CT,1,239
2018,Allopurinol,ALLOPURINOL,CT,2,2902
2018,Febuxostat,ULORIC,CT,2,232
2018,Allopurinol,ALLOPURINOL,CT,3,2909
2018,Febuxostat,ULORIC,CT,3,218
2018,Allopurinol,ALLOPURINOL,CT,4,2819
2018,Febuxostat,ULORIC,CT,4,241
2018,Allopurinol,ALLOPURINOL,DC,1,1271
2018,Febuxostat,ULORIC,DC,1,36
2018,Allopurinol,ALLOPURINOL,DC,2,1322
2018,Febuxostat,ULORIC,DC,2,33
2018,Allopurinol,ALLOPURINOL,DC,3,1208
2018,Febuxostat,ULORIC,DC,3,30
2018,Allopurinol,ALLOPURINOL,DC,4,1243
2018,Febuxostat,ULORIC,DC,4,20
2018,Allopurinol,ALLOPURINOL,DE,1,797
2018,Febuxostat,ULORIC,DE,1,34
2018,Allopurinol,ALLOPURINOL,DE,2,838
2018,Febuxostat,ULORIC,DE,2,39
2018,Allopurinol,ALLOPURINOL,DE,3,843
2018,Febuxostat,ULORIC,DE,3,52
2018,Allopurinol,ALLOPURINOL,DE,4,860
2018,Febuxostat,ULORIC,DE,4,38
2018,Allopurinol,ALLOPURINOL,FL,1,10004
2018,Febuxostat,ULORIC,FL,1,214
2018,Allopurinol,ALLOPURINOL,FL,2,9809
2018,Febuxostat,ULORIC,FL,2,207
2018,Allopurinol,ALLOPURINOL,FL,3,9702
2018,Febuxostat,ULORIC,FL,3,222
2018,Allopurinol,ALLOPURINOL,FL,4,9491
2018,Febuxostat,ULORIC,FL,4,241
2018,Allopurinol,ALLOPURINOL,GA,1,6222
2018,Febuxostat,ULORIC,GA,1,206
2018,Allopurinol,ALLOPURINOL,GA,2,6368
2018,Febuxostat,ULORIC,GA,2,215
2018,Allopurinol,ALLOPURINOL,GA,3,6139
2018,Febuxostat,ULORIC,GA,3,234
2018,Allopurinol,ALLOPURINOL,GA,4,6158
2018,Febuxostat,ULORIC,GA,4,240
2018,Allopurinol,ALLOPURINOL,HI,1,4594
2018,Febuxostat,ULORIC,HI,1,318
2018,Allopurinol,ALLOPURINOL,HI,2,4814
2018,Febuxostat,ULORIC,HI,2,361
2018,Allopurinol,ALLOPURINOL,HI,3,4486
2018,Febuxostat,ULORIC,HI,3,334
2018,Allopurinol,ALLOPURINOL,HI,4,3907
2018,Febuxostat,ULORIC,HI,4,303
2018,Allopurinol,ALLOPURINOL,IA,1,1368
2018,Febuxostat,ULORIC,IA,1,40
2018,Allopurinol,ALLOPURINOL,IA,2,1394
2018,Febuxostat,ULORIC,IA,2,42
2018,Allopurinol,ALLOPURINOL,IA,3,1457
2018,Febuxostat,ULORIC,IA,3,56
2018,Allopurinol,ALLOPURINOL,IA,4,1483
2018,Febuxostat,ULORIC,IA,4,45
2018,Allopurinol,ALLOPURINOL,ID,1,804
2018,Febuxostat,ULORIC,ID,1,30
2018,Allopurinol,ALLOPURINOL,ID,2,807
2018,Febuxostat,ULORIC,ID,2,23
2018,Allopurinol,ALLOPURINOL,ID,3,843
2018,Febuxostat,ULORIC,ID,3,25
2018,Allopurinol,ALLOPURINOL,ID,4,863
2018,Febuxostat,ULORIC,ID,4,24
2018,Allopurinol,ALLOPURINOL,IL,1,13914
2018,Febuxostat,ULORIC,IL,1,259
2018,Allopurinol,ALLOPURINOL,IL,2,13996
2018,Febuxostat,ULORIC,IL,2,228
2018,Allopurinol,ALLOPURINOL,IL,3,14419
2018,Febuxostat,ULORIC,IL,3,212
2018,Allopurinol,ALLOPURINOL,IL,4,14425
2018,Febuxostat,ULORIC,IL,4,230
2018,Allopurinol,ALLOPURINOL,IN,1,5731
2018,Febuxostat,ULORIC,IN,1,351
2018,Allopurinol,ALLOPURINOL,IN,2,5882
2018,Febuxostat,ULORIC,IN,2,362
2018,Allopurinol,ALLOPURINOL,IN,3,5766
2018,Allopurinol Sodium,ALOPRIM,IN,3,10
2018,Febuxostat,ULORIC,IN,3,377
2018,Allopurinol,ALLOPURINOL,IN,4,5657
2018,Febuxostat,ULORIC,IN,4,371
2018,Allopurinol,ALLOPURINOL,KS,1,957
2018,Febuxostat,ULORIC,KS,1,58
2018,Allopurinol,ALLOPURINOL,KS,2,904
2018,Febuxostat,ULORIC,KS,2,55
2018,Allopurinol,ALLOPURINOL,KS,3,936
2018,Febuxostat,ULORIC,KS,3,52
2018,Allopurinol,ALLOPURINOL,KS,4,1000
2018,Febuxostat,ULORIC,KS,4,55
2018,Allopurinol,ALLOPURINOL,KY,1,11191
2018,Febuxostat,ULORIC,KY,1,724
2018,Allopurinol,ALLOPURINOL,KY,2,11349
2018,Allopurinol,ZYLOPRIM,KY,2,10
2018,Febuxostat,ULORIC,KY,2,706
2018,Allopurinol,ALLOPURINOL,KY,3,11586
2018,Allopurinol,ZYLOPRIM,KY,3,10
2018,Febuxostat,ULORIC,KY,3,731
2018,Allopurinol,ALLOPURINOL,KY,4,11662
2018,Allopurinol,ZYLOPRIM,KY,4,10
2018,Febuxostat,ULORIC,KY,4,721
2018,Allopurinol,ALLOPURINOL,LA,1,8177
2018,Febuxostat,ULORIC,LA,1,301
2018,Allopurinol,ALLOPURINOL,LA,2,8761
2018,Febuxostat,ULORIC,LA,2,308
2018,Allopurinol,ALLOPURINOL,LA,3,9007
2018,Febuxostat,ULORIC,LA,3,309
2018,Allopurinol,ALLOPURINOL,LA,4,9022
2018,Febuxostat,ULORIC,LA,4,279
2018,Allopurinol,ALLOPURINOL,MA,1,6431
2018,Febuxostat,ULORIC,MA,1,244
2018,Allopurinol,ALLOPURINOL,MA,2,7393
2018,Febuxostat,ULORIC,MA,2,266
2018,Allopurinol,ALLOPURINOL,MA,3,6849
2018,Febuxostat,ULORIC,MA,3,241
2018,Allopurinol,ALLOPURINOL,MA,4,7562
2018,Febuxostat,ULORIC,MA,4,255
2018,Allopurinol,ALLOPURINOL,MD,1,5361
2018,Febuxostat,ULORIC,MD,1,276
2018,Allopurinol,ALLOPURINOL,MD,2,5438
2018,Febuxostat,ULORIC,MD,2,250
2018,Allopurinol,ALLOPURINOL,MD,3,5473
2018,Febuxostat,ULORIC,MD,3,228
2018,Allopurinol,ALLOPURINOL,MD,4,5546
2018,Febuxostat,ULORIC,MD,4,225
2018,Allopurinol,ALLOPURINOL,ME,1,422
2018,Febuxostat,ULORIC,ME,1,33
2018,Allopurinol,ALLOPURINOL,ME,2,421
2018,Febuxostat,ULORIC,ME,2,33
2018,Allopurinol,ALLOPURINOL,ME,3,440
2018,Febuxostat,ULORIC,ME,3,33
2018,Allopurinol,ALLOPURINOL,ME,4,432
2018,Febuxostat,ULORIC,ME,4,35
2018,Allopurinol,ALLOPURINOL,MI,1,13673
2018,Febuxostat,ULORIC,MI,1,300
2018,Allopurinol,ALLOPURINOL,MI,2,13961
2018,Febuxostat,ULORIC,MI,2,325
2018,Allopurinol,ALLOPURINOL,MI,3,14030
2018,Febuxostat,ULORIC,MI,3,296
2018,Allopurinol,ALLOPURINOL,MI,4,13788
2018,Febuxostat,ULORIC,MI,4,319
2018,Allopurinol,ALLOPURINOL,MN,1,6036
2018,Febuxostat,ULORIC,MN,1,163
2018,Allopurinol,ALLOPURINOL,MN,2,6273
2018,Febuxostat,ULORIC,MN,2,159
2018,Allopurinol,ALLOPURINOL,MN,3,5878
2018,Febuxostat,ULORIC,MN,3,158
2018,Allopurinol,ALLOPURINOL,MN,4,5854
2018,Febuxostat,ULORIC,MN,4,185
2018,Allopurinol,ALLOPURINOL,MO,1,3778
2018,Febuxostat,ULORIC,MO,1,235
2018,Allopurinol,ALLOPURINOL,MO,2,3836
2018,Febuxostat,ULORIC,MO,2,241
2018,Allopurinol,ALLOPURINOL,MO,3,3794
2018,Febuxostat,ULORIC,MO,3,219
2018,Allopurinol,ALLOPURINOL,MO,4,3774
2018,Febuxostat,ULORIC,MO,4,235
2018,Allopurinol,ALLOPURINOL,MS,1,2049
2018,Febuxostat,ULORIC,MS,1,83
2018,Allopurinol,ALLOPURINOL,MS,2,2059
2018,Febuxostat,ULORIC,MS,2,80
2018,Allopurinol,ALLOPURINOL,MS,3,2095
2018,Febuxostat,ULORIC,MS,3,85
2018,Allopurinol,ALLOPURINOL,MS,4,2195
2018,Febuxostat,ULORIC,MS,4,78
2018,Allopurinol,ALLOPURINOL,MT,1,1387
2018,Febuxostat,ULORIC,MT,1,68
2018,Allopurinol,ALLOPURINOL,MT,2,1549
2018,Febuxostat,ULORIC,MT,2,86
2018,Allopurinol,ALLOPURINOL,MT,3,1337
2018,Febuxostat,ULORIC,MT,3,88
2018,Allopurinol,ALLOPURINOL,MT,4,1595
2018,Febuxostat,ULORIC,MT,4,101
2018,Allopurinol,ALLOPURINOL,NC,1,4876
2018,Febuxostat,ULORIC,NC,1,691
2018,Allopurinol,ALLOPURINOL,NC,2,4031
2018,Febuxostat,ULORIC,NC,2,582
2018,Allopurinol,ALLOPURINOL,NC,3,4745
2018,Allopurinol,ALLOPURINOL AVPAK,NC,3,10
2018,Febuxostat,ULORIC,NC,3,640
2018,Allopurinol,ALLOPURINOL,NC,4,4122
2018,Febuxostat,ULORIC,NC,4,544
2018,Allopurinol,ALLOPURINOL,ND,1,532
2018,Febuxostat,ULORIC,ND,1,30
2018,Allopurinol,ALLOPURINOL,ND,2,565
2018,Febuxostat,ULORIC,ND,2,30
2018,Allopurinol,ALLOPURINOL,ND,3,596
2018,Febuxostat,ULORIC,ND,3,30
2018,Allopurinol,ALLOPURINOL,ND,4,495
2018,Febuxostat,ULORIC,ND,4,20
2018,Allopurinol,ALLOPURINOL,NE,1,1043
2018,Febuxostat,ULORIC,NE,1,36
2018,Allopurinol,ALLOPURINOL,NE,2,1164
2018,Febuxostat,ULORIC,NE,2,38
2018,Allopurinol,ALLOPURINOL,NE,3,964
2018,Febuxostat,ULORIC,NE,3,33
2018,Allopurinol,ALLOPURINOL,NE,4,984
2018,Febuxostat,ULORIC,NE,4,32
2018,Allopurinol,ALLOPURINOL,NH,1,457
2018,Febuxostat,ULORIC,NH,1,10
2018,Allopurinol,ALLOPURINOL,NH,2,510
2018,Febuxostat,ULORIC,NH,2,14
2018,Allopurinol,ALLOPURINOL,NH,3,467
2018,Febuxostat,ULORIC,NH,3,20
2018,Allopurinol,ALLOPURINOL,NH,4,521
2018,Febuxostat,ULORIC,NH,4,17
2018,Allopurinol,ALLOPURINOL,NJ,1,6555
2018,Febuxostat,ULORIC,NJ,1,404
2018,Allopurinol,ALLOPURINOL,NJ,2,6623
2018,Febuxostat,ULORIC,NJ,2,388
2018,Allopurinol,ALLOPURINOL,NJ,3,6549
2018,Febuxostat,ULORIC,NJ,3,360
2018,Allopurinol,ALLOPURINOL,NJ,4,6394
2018,Febuxostat,ULORIC,NJ,4,358
2018,Allopurinol,ALLOPURINOL,NM,1,2776
2018,Febuxostat,ULORIC,NM,1,102
2018,Allopurinol,ALLOPURINOL,NM,2,2274
2018,Febuxostat,ULORIC,NM,2,88
2018,Allopurinol,ALLOPURINOL,NM,3,2720
2018,Febuxostat,ULORIC,NM,3,100
2018,Allopurinol,ALLOPURINOL,NM,4,2319
2018,Febuxostat,ULORIC,NM,4,64
2018,Allopurinol,ALLOPURINOL,NV,1,3791
2018,Febuxostat,ULORIC,NV,1,147
2018,Allopurinol,ALLOPURINOL,NV,2,3887
2018,Febuxostat,ULORIC,NV,2,196
2018,Allopurinol,ALLOPURINOL,NV,3,3771
2018,Febuxostat,ULORIC,NV,3,178
2018,Allopurinol,ALLOPURINOL,NV,4,3726
2018,Febuxostat,ULORIC,NV,4,179
2018,Allopurinol,ALLOPURINOL,NY,1,26242
2018,Febuxostat,ULORIC,NY,1,1686
2018,Allopurinol,ALLOPURINOL,NY,2,26792
2018,Febuxostat,ULORIC,NY,2,1658
2018,Allopurinol,ALLOPURINOL,NY,3,26426
2018,Febuxostat,ULORIC,NY,3,1633
2018,Allopurinol,ALLOPURINOL,NY,4,24164
2018,Allopurinol,ZYLOPRIM,NY,4,10
2018,Febuxostat,ULORIC,NY,4,1645
2018,Allopurinol,ALLOPURINOL,OH,1,18607
2018,Febuxostat,ULORIC,OH,1,800
2018,Allopurinol,ALLOPURINOL,OH,2,20313
2018,Febuxostat,ULORIC,OH,2,878
2018,Allopurinol,ALLOPURINOL,OH,3,19047
2018,Febuxostat,ULORIC,OH,3,840
2018,Allopurinol,ALLOPURINOL,OH,4,18959
2018,Febuxostat,ULORIC,OH,4,808
2018,Allopurinol,ALLOPURINOL,OK,1,1205
2018,Febuxostat,ULORIC,OK,1,64
2018,Allopurinol,ALLOPURINOL,OK,2,1162
2018,Febuxostat,ULORIC,OK,2,65
2018,Allopurinol,ALLOPURINOL,OK,3,1207
2018,Febuxostat,ULORIC,OK,3,62
2018,Allopurinol,ALLOPURINOL,OK,4,1255
2018,Febuxostat,ULORIC,OK,4,65
2018,Allopurinol,ALLOPURINOL,OR,1,4880
2018,Febuxostat,ULORIC,OR,1,163
2018,Allopurinol,ALLOPURINOL,OR,2,5059
2018,Febuxostat,ULORIC,OR,2,147
2018,Allopurinol,ALLOPURINOL,OR,3,4948
2018,Febuxostat,ULORIC,OR,3,134
2018,Allopurinol,ALLOPURINOL,OR,4,4966
2018,Febuxostat,ULORIC,OR,4,122
2018,Allopurinol,ALLOPURINOL,PA,1,12130
2018,Allopurinol,ZYLOPRIM,PA,1,10
2018,Febuxostat,ULORIC,PA,1,406
2018,Allopurinol,ALLOPURINOL,PA,2,12663
2018,Febuxostat,ULORIC,PA,2,427
2018,Allopurinol,ALLOPURINOL,PA,3,12507
2018,Febuxostat,ULORIC,PA,3,427
2018,Allopurinol,ALLOPURINOL,PA,4,12225
2018,Febuxostat,ULORIC,PA,4,451
2018,Allopurinol,ALLOPURINOL,RI,1,1509
2018,Febuxostat,ULORIC,RI,1,36
2018,Allopurinol,ALLOPURINOL,RI,2,1564
2018,Febuxostat,ULORIC,RI,2,40
2018,Allopurinol,ALLOPURINOL,RI,3,1518
2018,Febuxostat,ULORIC,RI,3,45
2018,Allopurinol,ALLOPURINOL,RI,4,1539
2018,Febuxostat,ULORIC,RI,4,43
2018,Allopurinol,ALLOPURINOL,SC,1,2330
2018,Febuxostat,ULORIC,SC,1,167
2018,Allopurinol,ALLOPURINOL,SC,2,2354
2018,Febuxostat,ULORIC,SC,2,166
2018,Allopurinol,ALLOPURINOL,SC,3,2314
2018,Febuxostat,ULORIC,SC,3,156
2018,Allopurinol,ALLOPURINOL,SC,4,2368
2018,Febuxostat,ULORIC,SC,4,125
2018,Allopurinol,ALLOPURINOL,SD,1,322
2018,Febuxostat,ULORIC,SD,1,20
2018,Allopurinol,ALLOPURINOL,SD,2,352
2018,Febuxostat,ULORIC,SD,2,20
2018,Allopurinol,ALLOPURINOL,SD,3,329
2018,Febuxostat,ULORIC,SD,3,20
2018,Allopurinol,ALLOPURINOL,SD,4,340
2018,Febuxostat,ULORIC,SD,4,20
2018,Allopurinol,ALLOPURINOL,TN,1,4183
2018,Febuxostat,ULORIC,TN,1,217
2018,Allopurinol,ALLOPURINOL,TN,2,4330
2018,Febuxostat,ULORIC,TN,2,218
2018,Allopurinol,ALLOPURINOL,TN,3,4381
2018,Febuxostat,ULORIC,TN,3,227
2018,Allopurinol,ALLOPURINOL,TN,4,4565
2018,Febuxostat,ULORIC,TN,4,229
2018,Allopurinol,ALLOPURINOL,TX,1,7882
2018,Febuxostat,ULORIC,TX,1,570
2018,Allopurinol,ALLOPURINOL,TX,2,8381
2018,Febuxostat,ULORIC,TX,2,583
2018,Allopurinol,ALLOPURINOL,TX,3,8382
2018,Febuxostat,ULORIC,TX,3,573
2018,Allopurinol,ALLOPURINOL,TX,4,8338
2018,Allopurinol,ZYLOPRIM,TX,4,10
2018,Febuxostat,ULORIC,TX,4,593
2018,Allopurinol,ALLOPURINOL,UT,1,924
2018,Febuxostat,ULORIC,UT,1,57
2018,Allopurinol,ALLOPURINOL,UT,2,907
2018,Febuxostat,ULORIC,UT,2,44
2018,Allopurinol,ALLOPURINOL,UT,3,823
2018,Febuxostat,ULORIC,UT,3,45
2018,Allopurinol,ALLOPURINOL,UT,4,876
2018,Febuxostat,ULORIC,UT,4,53
2018,Allopurinol,ALLOPURINOL,VA,1,4604
2018,Febuxostat,ULORIC,VA,1,327
2018,Allopurinol,ALLOPURINOL,VA,2,4213
2018,Febuxostat,ULORIC,VA,2,270
2018,Allopurinol,ALLOPURINOL,VA,3,4258
2018,Febuxostat,ULORIC,VA,3,299
2018,Allopurinol,ALLOPURINOL,VA,4,4222
2018,Febuxostat,ULORIC,VA,4,299
2018,Allopurinol,ALLOPURINOL,VT,1,465
2018,Febuxostat,ULORIC,VT,1,20
2018,Allopurinol,ALLOPURINOL,VT,2,492
2018,Febuxostat,ULORIC,VT,2,20
2018,Allopurinol,ALLOPURINOL,VT,3,546
2018,Febuxostat,ULORIC,VT,3,20
2018,Allopurinol,ALLOPURINOL,VT,4,518
2018,Febuxostat,ULORIC,VT,4,20
2018,Allopurinol,ALLOPURINOL,WA,1,6671
2018,Febuxostat,ULORIC,WA,1,280
2018,Allopurinol,ALLOPURINOL,WA,2,6695
2018,Febuxostat,ULORIC,WA,2,275
2018,Allopurinol,ALLOPURINOL,WA,3,6780
2018,Febuxostat,ULORIC,WA,3,246
2018,Allopurinol,ALLOPURINOL,WA,4,6690
2018,Febuxostat,ULORIC,WA,4,249
2018,Allopurinol,ALLOPURINOL,WI,1,4513
2018,Febuxostat,ULORIC,WI,1,391
2018,Allopurinol,ALLOPURINOL,WI,2,4511
2018,Febuxostat,ULORIC,WI,2,412
2018,Allopurinol,ALLOPURINOL,WI,3,4550
2018,Febuxostat,ULORIC,WI,3,430
2018,Allopurinol,ALLOPURINOL,WI,4,4364
2018,Febuxostat,ULORIC,WI,4,418
2018,Allopurinol,ALLOPURINOL,WV,1,4487
2018,Febuxostat,ULORIC,WV,1,180
2018,Allopurinol,ALLOPURINOL,WV,2,4548
2018,Febuxostat,ULORIC,WV,2,173
2018,Allopurinol,ALLOPURINOL,WV,3,4439
2018,Febuxostat,ULORIC,WV,3,161
2018,Allopurinol,ALLOPURINOL,WV,4,4302
2018,Febuxostat,ULORIC,WV,4,189
2018,Allopurinol,ALLOPURINOL,WY,1,243
2018,Allopurinol,ALLOPURINOL,WY,2,217
2018,Febuxostat,ULORIC,WY,2,10
2018,Allopurinol,ALLOPURINOL,WY,3,253
2018,Allopurinol,ALLOPURINOL,WY,4,239
2018,Febuxostat,ULORIC,WY,4,10
2019,Allopurinol,ALLOPURINOL,AK,1,694
2019,Febuxostat,ULORIC,AK,1,60
2019,Allopurinol,ALLOPURINOL,AK,2,756
2019,Febuxostat,ULORIC,AK,2,49
2019,Allopurinol,ALLOPURINOL,AK,3,737
2019,Febuxostat,FEBUXOSTAT,AK,3,50
2019,Febuxostat,ULORIC,AK,3,20
2019,Allopurinol,ALLOPURINOL,AK,4,714
2019,Febuxostat,FEBUXOSTAT,AK,4,60
2019,Febuxostat,ULORIC,AK,4,10
2019,Allopurinol,ALLOPURINOL,AL,1,2621
2019,Febuxostat,ULORIC,AL,1,407
2019,Allopurinol,ALLOPURINOL,AL,2,2915
2019,Febuxostat,ULORIC,AL,2,417
2019,Allopurinol,ALLOPURINOL,AL,3,2513
2019,Febuxostat,FEBUXOSTAT,AL,3,159
2019,Febuxostat,ULORIC,AL,3,166
2019,Allopurinol,ALLOPURINOL,AL,4,2674
2019,Febuxostat,FEBUXOSTAT,AL,4,308
2019,Febuxostat,ULORIC,AL,4,20
2019,Allopurinol,ALLOPURINOL,AR,1,2021
2019,Febuxostat,ULORIC,AR,1,30
2019,Allopurinol,ALLOPURINOL,AR,2,1929
2019,Febuxostat,ULORIC,AR,2,30
2019,Allopurinol,ALLOPURINOL,AR,3,1901
2019,Febuxostat,ULORIC,AR,3,10
2019,Allopurinol,ALLOPURINOL,AR,4,1887
2019,Febuxostat,FEBUXOSTAT,AR,4,10
2019,Febuxostat,ULORIC,AR,4,10
2019,Allopurinol,ALLOPURINOL,AZ,1,6251
2019,Febuxostat,ULORIC,AZ,1,287
2019,Allopurinol,ALLOPURINOL,AZ,2,6296
2019,Febuxostat,ULORIC,AZ,2,298
2019,Allopurinol,ALLOPURINOL,AZ,3,6319
2019,Febuxostat,FEBUXOSTAT,AZ,3,195
2019,Febuxostat,ULORIC,AZ,3,66
2019,Allopurinol,ALLOPURINOL,AZ,4,6274
2019,Febuxostat,FEBUXOSTAT,AZ,4,216
2019,Febuxostat,ULORIC,AZ,4,33
2019,Allopurinol,ALLOPURINOL,CA,1,47680
2019,Febuxostat,ULORIC,CA,1,2633
2019,Allopurinol,ALLOPURINOL,CA,2,48178
2019,Febuxostat,ULORIC,CA,2,2514
2019,Allopurinol,ALLOPURINOL,CA,3,49561
2019,Febuxostat,FEBUXOSTAT,CA,3,1779
2019,Febuxostat,ULORIC,CA,3,441
2019,Allopurinol,ALLOPURINOL,CA,4,47651
2019,Febuxostat,FEBUXOSTAT,CA,4,2063
2019,Febuxostat,ULORIC,CA,4,92
2019,Allopurinol,ALLOPURINOL,CO,1,3027
2019,Febuxostat,ULORIC,CO,1,163
2019,Allopurinol,ALLOPURINOL,CO,2,3142
2019,Febuxostat,ULORIC,CO,2,211
2019,Allopurinol,ALLOPURINOL,CO,3,3388
2019,Febuxostat,FEBUXOSTAT,CO,3,146
2019,Febuxostat,ULORIC,CO,3,100
2019,Allopurinol,ALLOPURINOL,CO,4,3057
2019,Febuxostat,FEBUXOSTAT,CO,4,100
2019,Febuxostat,ULORIC,CO,4,102
2019,Allopurinol,ALLOPURINOL,CT,1,2746
2019,Febuxostat,ULORIC,CT,1,229
2019,Allopurinol,ALLOPURINOL,CT,2,2881
2019,Febuxostat,ULORIC,CT,2,169
2019,Allopurinol,ALLOPURINOL,CT,3,2902
2019,Febuxostat,FEBUXOSTAT,CT,3,87
2019,Febuxostat,ULORIC,CT,3,88
2019,Allopurinol,ALLOPURINOL,CT,4,2862
2019,Febuxostat,FEBUXOSTAT,CT,4,117
2019,Febuxostat,ULORIC,CT,4,37
2019,Allopurinol,ALLOPURINOL,DC,1,1277
2019,Febuxostat,ULORIC,DC,1,30
2019,Allopurinol,ALLOPURINOL,DC,2,1321
2019,Febuxostat,ULORIC,DC,2,30
2019,Allopurinol,ALLOPURINOL,DC,3,1314
2019,Febuxostat,FEBUXOSTAT,DC,3,30
2019,Febuxostat,ULORIC,DC,3,30
2019,Allopurinol,ALLOPURINOL,DC,4,1342
2019,Febuxostat,FEBUXOSTAT,DC,4,40
2019,Febuxostat,ULORIC,DC,4,10
2019,Allopurinol,ALLOPURINOL,DE,1,905
2019,Febuxostat,ULORIC,DE,1,39
2019,Allopurinol,ALLOPURINOL,DE,2,1000
2019,Febuxostat,ULORIC,DE,2,37
2019,Allopurinol,ALLOPURINOL,DE,3,994
2019,Febuxostat,FEBUXOSTAT,DE,3,40
2019,Febuxostat,ULORIC,DE,3,10
2019,Allopurinol,ALLOPURINOL,DE,4,1031
2019,Febuxostat,FEBUXOSTAT,DE,4,50
2019,Febuxostat,ULORIC,DE,4,10
2019,Allopurinol,ALLOPURINOL,FL,1,8799
2019,Febuxostat,ULORIC,FL,1,233
2019,Allopurinol,ALLOPURINOL,FL,2,8690
2019,Febuxostat,ULORIC,FL,2,232
2019,Allopurinol,ALLOPURINOL,FL,3,8848
2019,Febuxostat,FEBUXOSTAT,FL,3,116
2019,Febuxostat,ULORIC,FL,3,77
2019,Allopurinol,ALLOPURINOL,FL,4,8531
2019,Febuxostat,FEBUXOSTAT,FL,4,158
2019,Febuxostat,ULORIC,FL,4,40
2019,Allopurinol,ALLOPURINOL,GA,1,6289
2019,Febuxostat,ULORIC,GA,1,242
2019,Allopurinol,ALLOPURINOL,GA,2,6304
2019,Febuxostat,ULORIC,GA,2,213
2019,Allopurinol,ALLOPURINOL,GA,3,6250
2019,Febuxostat,FEBUXOSTAT,GA,3,70
2019,Febuxostat,ULORIC,GA,3,146
2019,Allopurinol,ALLOPURINOL,GA,4,6200
2019,Febuxostat,FEBUXOSTAT,GA,4,60
2019,Febuxostat,ULORIC,GA,4,128
2019,Allopurinol,ALLOPURINOL,HI,1,4023
2019,Febuxostat,ULORIC,HI,1,301
2019,Allopurinol,ALLOPURINOL,HI,2,3777
2019,Febuxostat,ULORIC,HI,2,262
2019,Allopurinol,ALLOPURINOL,HI,3,3879
2019,Febuxostat,FEBUXOSTAT,HI,3,195
2019,Febuxostat,ULORIC,HI,3,57
2019,Allopurinol,ALLOPURINOL,HI,4,3790
2019,Febuxostat,FEBUXOSTAT,HI,4,243
2019,Febuxostat,ULORIC,HI,4,22
2019,Allopurinol,ALLOPURINOL,IA,1,1454
2019,Febuxostat,ULORIC,IA,1,53
2019,Allopurinol,ALLOPURINOL,IA,2,1532
2019,Febuxostat,ULORIC,IA,2,41
2019,Allopurinol,ALLOPURINOL,IA,3,1578
2019,Febuxostat,FEBUXOSTAT,IA,3,40
2019,Febuxostat,ULORIC,IA,3,42
2019,Allopurinol,ALLOPURINOL,IA,4,1555
2019,Febuxostat,FEBUXOSTAT,IA,4,40
2019,Febuxostat,ULORIC,IA,4,12
2019,Allopurinol,ALLOPURINOL,ID,1,698
2019,Febuxostat,ULORIC,ID,1,20
2019,Allopurinol,ALLOPURINOL,ID,2,789
2019,Febuxostat,ULORIC,ID,2,27
2019,Allopurinol,ALLOPURINOL,ID,3,877
2019,Febuxostat,FEBUXOSTAT,ID,3,20
2019,Febuxostat,ULORIC,ID,3,20
2019,Allopurinol,ALLOPURINOL,ID,4,777
2019,Febuxostat,FEBUXOSTAT,ID,4,30
2019,Febuxostat,ULORIC,ID,4,20
2019,Allopurinol,ALLOPURINOL,IL,1,14342
2019,Febuxostat,ULORIC,IL,1,210
2019,Allopurinol,ALLOPURINOL,IL,2,15362
2019,Febuxostat,ULORIC,IL,2,238
2019,Allopurinol,ALLOPURINOL,IL,3,15762
2019,Febuxostat,FEBUXOSTAT,IL,3,147
2019,Febuxostat,ULORIC,IL,3,110
2019,Allopurinol,ALLOPURINOL,IL,4,15690
2019,Febuxostat,FEBUXOSTAT,IL,4,160
2019,Febuxostat,ULORIC,IL,4,52
2019,Allopurinol,ALLOPURINOL,IN,1,5491
2019,Febuxostat,ULORIC,IN,1,372
2019,Allopurinol,ALLOPURINOL,IN,2,5450
2019,Febuxostat,ULORIC,IN,2,332
2019,Allopurinol,ALLOPURINOL,IN,3,5610
2019,Febuxostat,FEBUXOSTAT,IN,3,265
2019,Febuxostat,ULORIC,IN,3,51
2019,Allopurinol,ALLOPURINOL,IN,4,5390
2019,Febuxostat,FEBUXOSTAT,IN,4,320
2019,Allopurinol,ALLOPURINOL,KS,1,1054
2019,Febuxostat,ULORIC,KS,1,50
2019,Allopurinol,ALLOPURINOL,KS,2,1060
2019,Febuxostat,ULORIC,KS,2,51
2019,Allopurinol,ALLOPURINOL,KS,3,1012
2019,Febuxostat,FEBUXOSTAT,KS,3,62
2019,Febuxostat,ULORIC,KS,3,20
2019,Allopurinol,ALLOPURINOL,KS,4,1002
2019,Febuxostat,FEBUXOSTAT,KS,4,53
2019,Febuxostat,ULORIC,KS,4,10
2019,Allopurinol,ALLOPURINOL,KY,1,11175
2019,Allopurinol,ZYLOPRIM,KY,1,10
2019,Febuxostat,ULORIC,KY,1,706
2019,Allopurinol,ALLOPURINOL,KY,2,11154
2019,Allopurinol,ZYLOPRIM,KY,2,10
2019,Febuxostat,ULORIC,KY,2,667
2019,Allopurinol,ALLOPURINOL,KY,3,11274
2019,Allopurinol,ZYLOPRIM,KY,3,20
2019,Febuxostat,FEBUXOSTAT,KY,3,396
2019,Febuxostat,ULORIC,KY,3,211
2019,Allopurinol,ALLOPURINOL,KY,4,10904
2019,Allopurinol,ZYLOPRIM,KY,4,10
2019,Febuxostat,FEBUXOSTAT,KY,4,526
2019,Febuxostat,ULORIC,KY,4,46
2019,Allopurinol,ALLOPURINOL,LA,1,8874
2019,Febuxostat,ULORIC,LA,1,281
2019,Allopurinol,ALLOPURINOL,LA,2,8910
2019,Febuxostat,ULORIC,LA,2,238
2019,Allopurinol,ALLOPURINOL,LA,3,9194
2019,Febuxostat,FEBUXOSTAT,LA,3,152
2019,Febuxostat,ULORIC,LA,3,67
2019,Allopurinol,ALLOPURINOL,LA,4,9204
2019,Febuxostat,FEBUXOSTAT,LA,4,195
2019,Febuxostat,ULORIC,LA,4,20
2019,Allopurinol,ALLOPURINOL,MA,1,6923
2019,Febuxostat,ULORIC,MA,1,238
2019,Allopurinol,ALLOPURINOL,MA,2,7783
2019,Febuxostat,ULORIC,MA,2,264
2019,Allopurinol,ALLOPURINOL,MA,3,7086
2019,Febuxostat,FEBUXOSTAT,MA,3,149
2019,Febuxostat,ULORIC,MA,3,108
2019,Allopurinol,ALLOPURINOL,MA,4,7224
2019,Febuxostat,FEBUXOSTAT,MA,4,131
2019,Febuxostat,ULORIC,MA,4,126
2019,Allopurinol,ALLOPURINOL,MD,1,5420
2019,Febuxostat,ULORIC,MD,1,207
2019,Allopurinol,ALLOPURINOL,MD,2,5590
2019,Febuxostat,ULORIC,MD,2,183
2019,Allopurinol,ALLOPURINOL,MD,3,5073
2019,Febuxostat,FEBUXOSTAT,MD,3,127
2019,Febuxostat,ULORIC,MD,3,52
2019,Allopurinol,ALLOPURINOL,MD,4,5248
2019,Febuxostat,FEBUXOSTAT,MD,4,169
2019,Febuxostat,ULORIC,MD,4,20
2019,Allopurinol,ALLOPURINOL,ME,1,387
2019,Febuxostat,ULORIC,ME,1,34
2019,Allopurinol,ALLOPURINOL,ME,2,447
2019,Febuxostat,ULORIC,ME,2,32
2019,Allopurinol,ALLOPURINOL,ME,3,475
2019,Febuxostat,ULORIC,ME,3,30
2019,Allopurinol,ALLOPURINOL,ME,4,507
2019,Febuxostat,ULORIC,ME,4,30
2019,Allopurinol,ALLOPURINOL,MI,1,13128
2019,Febuxostat,ULORIC,MI,1,293
2019,Allopurinol,ALLOPURINOL,MI,2,13462
2019,Febuxostat,ULORIC,MI,2,274
2019,Allopurinol,ALLOPURINOL,MI,3,13750
2019,Febuxostat,FEBUXOSTAT,MI,3,218
2019,Febuxostat,ULORIC,MI,3,71
2019,Allopurinol,ALLOPURINOL,MI,4,13474
2019,Febuxostat,FEBUXOSTAT,MI,4,221
2019,Febuxostat,ULORIC,MI,4,10
2019,Allopurinol,ALLOPURINOL,MN,1,5455
2019,Febuxostat,ULORIC,MN,1,186
2019,Allopurinol,ALLOPURINOL,MN,2,5602
2019,Febuxostat,ULORIC,MN,2,188
2019,Allopurinol,ALLOPURINOL,MN,3,5597
2019,Febuxostat,FEBUXOSTAT,MN,3,122
2019,Febuxostat,ULORIC,MN,3,91
2019,Allopurinol,ALLOPURINOL,MN,4,5645
2019,Febuxostat,FEBUXOSTAT,MN,4,179
2019,Febuxostat,ULORIC,MN,4,30
2019,Allopurinol,ALLOPURINOL,MO,1,3743
2019,Febuxostat,ULORIC,MO,1,228
2019,Allopurinol,ALLOPURINOL,MO,2,3844
2019,Febuxostat,ULORIC,MO,2,205
2019,Allopurinol,ALLOPURINOL,MO,3,4242
2019,Febuxostat,FEBUXOSTAT,MO,3,60
2019,Febuxostat,ULORIC,MO,3,116
2019,Allopurinol,ALLOPURINOL,MO,4,3981
2019,Allopurinol Sodium,ALOPRIM,MO,4,10
2019,Febuxostat,FEBUXOSTAT,MO,4,122
2019,Febuxostat,ULORIC,MO,4,37
2019,Allopurinol,ALLOPURINOL,MS,1,2086
2019,Febuxostat,ULORIC,MS,1,79
2019,Allopurinol,ALLOPURINOL,MS,2,2045
2019,Febuxostat,ULORIC,MS,2,66
2019,Allopurinol,ALLOPURINOL,MS,3,2173
2019,Febuxostat,FEBUXOSTAT,MS,3,40
2019,Febuxostat,ULORIC,MS,3,54
2019,Allopurinol,ALLOPURINOL,MS,4,1947
2019,Febuxostat,FEBUXOSTAT,MS,4,60
2019,Febuxostat,ULORIC,MS,4,52
2019,Allopurinol,ALLOPURINOL,MT,1,1405
2019,Febuxostat,ULORIC,MT,1,88
2019,Allopurinol,ALLOPURINOL,MT,2,1432
2019,Febuxostat,ULORIC,MT,2,94
2019,Allopurinol,ALLOPURINOL,MT,3,1550
2019,Febuxostat,FEBUXOSTAT,MT,3,40
2019,Febuxostat,ULORIC,MT,3,88
2019,Allopurinol,ALLOPURINOL,MT,4,1447
2019,Febuxostat,FEBUXOSTAT,MT,4,60
2019,Febuxostat,ULORIC,MT,4,64
2019,Allopurinol,ALLOPURINOL,NC,1,4869
2019,Febuxostat,ULORIC,NC,1,623
2019,Allopurinol,ALLOPURINOL,NC,2,4153
2019,Febuxostat,ULORIC,NC,2,461
2019,Allopurinol,ALLOPURINOL,NC,3,4759
2019,Febuxostat,FEBUXOSTAT,NC,3,239
2019,Febuxostat,ULORIC,NC,3,311
2019,Allopurinol,ALLOPURINOL,NC,4,4604
2019,Allopurinol,ALLOPURINOL AVPAK,NC,4,10
2019,Febuxostat,FEBUXOSTAT,NC,4,381
2019,Febuxostat,ULORIC,NC,4,49
2019,Allopurinol,ALLOPURINOL,ND,1,537
2019,Febuxostat,ULORIC,ND,1,20
2019,Allopurinol,ALLOPURINOL,ND,2,524
2019,Febuxostat,ULORIC,ND,2,20
2019,Allopurinol,ALLOPURINOL,ND,3,491
2019,Febuxostat,FEBUXOSTAT,ND,3,40
2019,Febuxostat,ULORIC,ND,3,10
2019,Allopurinol,ALLOPURINOL,ND,4,490
2019,Febuxostat,FEBUXOSTAT,ND,4,50
2019,Allopurinol,ALLOPURINOL,NE,1,851
2019,Febuxostat,ULORIC,NE,1,35
2019,Allopurinol,ALLOPURINOL,NE,2,846
2019,Febuxostat,ULORIC,NE,2,27
2019,Allopurinol,ALLOPURINOL,NE,3,818
2019,Febuxostat,FEBUXOSTAT,NE,3,30
2019,Febuxostat,ULORIC,NE,3,20
2019,Allopurinol,ALLOPURINOL,NE,4,669
2019,Febuxostat,FEBUXOSTAT,NE,4,40
2019,Febuxostat,ULORIC,NE,4,20
2019,Allopurinol,ALLOPURINOL,NH,1,680
2019,Febuxostat,ULORIC,NH,1,39
2019,Allopurinol,ALLOPURINOL,NH,2,736
2019,Febuxostat,ULORIC,NH,2,22
2019,Allopurinol,ALLOPURINOL,NH,3,517
2019,Febuxostat,FEBUXOSTAT,NH,3,30
2019,Febuxostat,ULORIC,NH,3,20
2019,Allopurinol,ALLOPURINOL,NH,4,449
2019,Febuxostat,FEBUXOSTAT,NH,4,30
2019,Febuxostat,ULORIC,NH,4,20
2019,Allopurinol,ALLOPURINOL,NJ,1,5930
2019,Febuxostat,ULORIC,NJ,1,336
2019,Allopurinol,ALLOPURINOL,NJ,2,6455
2019,Febuxostat,ULORIC,NJ,2,340
2019,Allopurinol,ALLOPURINOL,NJ,3,6709
2019,Febuxostat,FEBUXOSTAT,NJ,3,233
2019,Febuxostat,ULORIC,NJ,3,68
2019,Allopurinol,ALLOPURINOL,NJ,4,6494
2019,Febuxostat,FEBUXOSTAT,NJ,4,254
2019,Febuxostat,ULORIC,NJ,4,10
2019,Allopurinol,ALLOPURINOL,NM,1,2538
2019,Febuxostat,ULORIC,NM,1,74
2019,Allopurinol,ALLOPURINOL,NM,2,1196
2019,Allopurinol,ALLOPURINOL,NM,3,2655
2019,Febuxostat,FEBUXOSTAT,NM,3,54
2019,Febuxostat,ULORIC,NM,3,20
2019,Allopurinol,ALLOPURINOL,NM,4,2296
2019,Febuxostat,FEBUXOSTAT,NM,4,65
2019,Febuxostat,ULORIC,NM,4,20
2019,Allopurinol,ALLOPURINOL,NV,1,3464
2019,Febuxostat,ULORIC,NV,1,172
2019,Allopurinol,ALLOPURINOL,NV,2,3375
2019,Febuxostat,ULORIC,NV,2,146
2019,Allopurinol,ALLOPURINOL,NV,3,3652
2019,Febuxostat,FEBUXOSTAT,NV,3,115
2019,Febuxostat,ULORIC,NV,3,53
2019,Allopurinol,ALLOPURINOL,NV,4,3580
2019,Febuxostat,FEBUXOSTAT,NV,4,119
2019,Febuxostat,ULORIC,NV,4,30
2019,Allopurinol,ALLOPURINOL,NY,1,26803
2019,Allopurinol,ZYLOPRIM,NY,1,20
2019,Febuxostat,ULORIC,NY,1,1699
2019,Allopurinol,ALLOPURINOL,NY,2,25721
2019,Allopurinol,ZYLOPRIM,NY,2,20
2019,Febuxostat,ULORIC,NY,2,1425
2019,Allopurinol,ALLOPURINOL,NY,3,26301
2019,Allopurinol,ZYLOPRIM,NY,3,10
2019,Febuxostat,FEBUXOSTAT,NY,3,889
2019,Febuxostat,ULORIC,NY,3,276
2019,Allopurinol,ALLOPURINOL,NY,4,25724
2019,Febuxostat,FEBUXOSTAT,NY,4,1027
2019,Febuxostat,ULORIC,NY,4,121
2019,Allopurinol,ALLOPURINOL,OH,1,18914
2019,Febuxostat,ULORIC,OH,1,768
2019,Allopurinol,ALLOPURINOL,OH,2,18834
2019,Febuxostat,ULORIC,OH,2,741
2019,Allopurinol,ALLOPURINOL,OH,3,18703
2019,Febuxostat,FEBUXOSTAT,OH,3,503
2019,Febuxostat,ULORIC,OH,3,143
2019,Allopurinol,ALLOPURINOL,OH,4,18192
2019,Febuxostat,FEBUXOSTAT,OH,4,597
2019,Febuxostat,ULORIC,OH,4,55
2019,Allopurinol,ALLOPURINOL,OK,1,1235
2019,Febuxostat,ULORIC,OK,1,72
2019,Allopurinol,ALLOPURINOL,OK,2,1216
2019,Febuxostat,ULORIC,OK,2,63
2019,Allopurinol,ALLOPURINOL,OK,3,1294
2019,Febuxostat,FEBUXOSTAT,OK,3,50
2019,Febuxostat,ULORIC,OK,3,42
2019,Allopurinol,ALLOPURINOL,OK,4,1237
2019,Febuxostat,FEBUXOSTAT,OK,4,60
2019,Febuxostat,ULORIC,OK,4,20
2019,Allopurinol,ALLOPURINOL,OR,1,4877
2019,Febuxostat,ULORIC,OR,1,126
2019,Allopurinol,ALLOPURINOL,OR,2,5073
2019,Febuxostat,ULORIC,OR,2,112
2019,Allopurinol,ALLOPURINOL,OR,3,5114
2019,Febuxostat,FEBUXOSTAT,OR,3,76
2019,Febuxostat,ULORIC,OR,3,44
2019,Allopurinol,ALLOPURINOL,OR,4,5097
2019,Febuxostat,FEBUXOSTAT,OR,4,96
2019,Febuxostat,ULORIC,OR,4,20
2019,Allopurinol,ALLOPURINOL,PA,1,12173
2019,Febuxostat,ULORIC,PA,1,454
2019,Allopurinol,ALLOPURINOL,PA,2,12085
2019,Febuxostat,ULORIC,PA,2,375
2019,Allopurinol,ALLOPURINOL,PA,3,11074
2019,Febuxostat,FEBUXOSTAT,PA,3,204
2019,Febuxostat,ULORIC,PA,3,99
2019,Allopurinol,ALLOPURINOL,PA,4,11003
2019,Febuxostat,FEBUXOSTAT,PA,4,268
2019,Febuxostat,ULORIC,PA,4,25
2019,Allopurinol,ALLOPURINOL,RI,1,1360
2019,Febuxostat,ULORIC,RI,1,50
2019,Allopurinol,ALLOPURINOL,RI,2,1314
2019,Febuxostat,ULORIC,RI,2,39
2019,Allopurinol,ALLOPURINOL,RI,3,1198
2019,Febuxostat,FEBUXOSTAT,RI,3,45
2019,Febuxostat,ULORIC,RI,3,20
2019,Allopurinol,ALLOPURINOL,RI,4,1136
2019,Febuxostat,FEBUXOSTAT,RI,4,44
2019,Allopurinol,ALLOPURINOL,SC,1,1885
2019,Febuxostat,ULORIC,SC,1,145
2019,Allopurinol,ALLOPURINOL,SC,2,1743
2019,Febuxostat,ULORIC,SC,2,133
2019,Allopurinol,ALLOPURINOL,SC,3,1914
2019,Febuxostat,FEBUXOSTAT,SC,3,91
2019,Febuxostat,ULORIC,SC,3,44
2019,Allopurinol,ALLOPURINOL,SC,4,2199
2019,Febuxostat,FEBUXOSTAT,SC,4,131
2019,Febuxostat,ULORIC,SC,4,30
2019,Allopurinol,ALLOPURINOL,SD,1,371
2019,Febuxostat,ULORIC,SD,1,20
2019,Allopurinol,ALLOPURINOL,SD,2,301
2019,Febuxostat,ULORIC,SD,2,20
2019,Allopurinol,ALLOPURINOL,SD,3,348
2019,Febuxostat,FEBUXOSTAT,SD,3,30
2019,Febuxostat,ULORIC,SD,3,20
2019,Allopurinol,ALLOPURINOL,SD,4,289
2019,Febuxostat,FEBUXOSTAT,SD,4,50
2019,Allopurinol,ALLOPURINOL,TN,1,4752
2019,Febuxostat,ULORIC,TN,1,223
2019,Allopurinol,ALLOPURINOL,TN,2,4809
2019,Febuxostat,ULORIC,TN,2,171
2019,Allopurinol,ALLOPURINOL,TN,3,4745
2019,Febuxostat,FEBUXOSTAT,TN,3,52
2019,Febuxostat,ULORIC,TN,3,112
2019,Allopurinol,ALLOPURINOL,TN,4,4763
2019,Febuxostat,ULORIC,TN,4,154
2019,Allopurinol,ALLOPURINOL,TX,1,7757
2019,Allopurinol,ZYLOPRIM,TX,1,10
2019,Febuxostat,ULORIC,TX,1,584
2019,Allopurinol,ALLOPURINOL,TX,2,7799
2019,Allopurinol,ZYLOPRIM,TX,2,10
2019,Febuxostat,ULORIC,TX,2,537
2019,Allopurinol,ALLOPURINOL,TX,3,7770
2019,Febuxostat,ULORIC,TX,3,369
2019,Allopurinol,ALLOPURINOL,TX,4,7427
2019,Febuxostat,FEBUXOSTAT,TX,4,40
2019,Febuxostat,ULORIC,TX,4,372
2019,Allopurinol,ALLOPURINOL,UT,1,912
2019,Febuxostat,ULORIC,UT,1,39
2019,Allopurinol,ALLOPURINOL,UT,2,1005
2019,Febuxostat,ULORIC,UT,2,44
2019,Allopurinol,ALLOPURINOL,UT,3,1028
2019,Febuxostat,FEBUXOSTAT,UT,3,40
2019,Febuxostat,ULORIC,UT,3,30
2019,Allopurinol,ALLOPURINOL,UT,4,1019
2019,Febuxostat,FEBUXOSTAT,UT,4,50
2019,Febuxostat,ULORIC,UT,4,30
2019,Allopurinol,ALLOPURINOL,VA,1,5564
2019,Febuxostat,ULORIC,VA,1,345
2019,Allopurinol,ALLOPURINOL,VA,2,6544
2019,Febuxostat,ULORIC,VA,2,290
2019,Allopurinol,ALLOPURINOL,VA,3,7027
2019,Febuxostat,FEBUXOSTAT,VA,3,173
2019,Febuxostat,ULORIC,VA,3,143
2019,Allopurinol,ALLOPURINOL,VA,4,7196
2019,Febuxostat,FEBUXOSTAT,VA,4,270
2019,Febuxostat,ULORIC,VA,4,40
2019,Allopurinol,ALLOPURINOL,VT,1,468
2019,Febuxostat,ULORIC,VT,1,23
2019,Allopurinol,ALLOPURINOL,VT,2,459
2019,Febuxostat,ULORIC,VT,2,20
2019,Allopurinol,ALLOPURINOL,VT,3,448
2019,Febuxostat,ULORIC,VT,3,10
2019,Allopurinol,ALLOPURINOL,VT,4,409
2019,Febuxostat,FEBUXOSTAT,VT,4,10
2019,Febuxostat,ULORIC,VT,4,20
2019,Allopurinol,ALLOPURINOL,WA,1,6532
2019,Febuxostat,ULORIC,WA,1,202
2019,Allopurinol,ALLOPURINOL,WA,2,6801
2019,Febuxostat,ULORIC,WA,2,200
2019,Allopurinol,ALLOPURINOL,WA,3,7669
2019,Febuxostat,FEBUXOSTAT,WA,3,180
2019,Febuxostat,ULORIC,WA,3,35
2019,Allopurinol,ALLOPURINOL,WA,4,6604
2019,Febuxostat,FEBUXOSTAT,WA,4,145
2019,Febuxostat,ULORIC,WA,4,20
2019,Allopurinol,ALLOPURINOL,WI,1,4392
2019,Febuxostat,ULORIC,WI,1,420
2019,Allopurinol,ALLOPURINOL,WI,2,4365
2019,Febuxostat,ULORIC,WI,2,413
2019,Allopurinol,ALLOPURINOL,WI,3,4428
2019,Febuxostat,FEBUXOSTAT,WI,3,81
2019,Febuxostat,ULORIC,WI,3,333
2019,Allopurinol,ALLOPURINOL,WI,4,4314
2019,Febuxostat,FEBUXOSTAT,WI,4,30
2019,Febuxostat,ULORIC,WI,4,302
2019,Allopurinol,ALLOPURINOL,WV,1,4296
2019,Febuxostat,ULORIC,WV,1,171
2019,Allopurinol,ALLOPURINOL,WV,2,4334
2019,Febuxostat,ULORIC,WV,2,167
2019,Allopurinol,ALLOPURINOL,WV,3,4283
2019,Febuxostat,FEBUXOSTAT,WV,3,40
2019,Febuxostat,ULORIC,WV,3,97
2019,Allopurinol,ALLOPURINOL,WV,4,4355
2019,Febuxostat,FEBUXOSTAT,WV,4,110
2019,Febuxostat,ULORIC,WV,4,45
2020,Allopurinol,ALLOPURINOL,AK,1,692
2020,Febuxostat,FEBUXOSTAT,AK,1,70
2020,Allopurinol,ALLOPURINOL,AK,2,775
2020,Febuxostat,FEBUXOSTAT,AK,2,40
2020,Allopurinol,ALLOPURINOL,AK,3,814
2020,Febuxostat,FEBUXOSTAT,AK,3,70
2020,Allopurinol,ALLOPURINOL,AK,4,676
2020,Febuxostat,FEBUXOSTAT,AK,4,60
2020,Allopurinol,ALLOPURINOL,AL,1,2947
2020,Febuxostat,FEBUXOSTAT,AL,1,354
2020,Febuxostat,ULORIC,AL,1,10
2020,Allopurinol,ALLOPURINOL,AL,2,2937
2020,Febuxostat,FEBUXOSTAT,AL,2,316
2020,Febuxostat,ULORIC,AL,2,20
2020,Allopurinol,ALLOPURINOL,AL,3,2728
2020,Febuxostat,FEBUXOSTAT,AL,3,277
2020,Febuxostat,ULORIC,AL,3,20
2020,Allopurinol,ALLOPURINOL,AL,4,2938
2020,Febuxostat,FEBUXOSTAT,AL,4,363
2020,Febuxostat,ULORIC,AL,4,20
2020,Allopurinol,ALLOPURINOL,AR,1,1903
2020,Febuxostat,FEBUXOSTAT,AR,1,30
2020,Febuxostat,ULORIC,AR,1,10
2020,Allopurinol,ALLOPURINOL,AR,2,1949
2020,Febuxostat,FEBUXOSTAT,AR,2,40
2020,Allopurinol,ALLOPURINOL,AR,3,1942
2020,Febuxostat,FEBUXOSTAT,AR,3,30
2020,Allopurinol,ALLOPURINOL,AR,4,2007
2020,Febuxostat,FEBUXOSTAT,AR,4,50
2020,Allopurinol,ALLOPURINOL,AZ,1,6347
2020,Febuxostat,FEBUXOSTAT,AZ,1,218
2020,Febuxostat,ULORIC,AZ,1,10
2020,Allopurinol,ALLOPURINOL,AZ,2,6053
2020,Febuxostat,FEBUXOSTAT,AZ,2,214
2020,Febuxostat,ULORIC,AZ,2,20
2020,Allopurinol,ALLOPURINOL,AZ,3,5546
2020,Febuxostat,FEBUXOSTAT,AZ,3,215
2020,Febuxostat,ULORIC,AZ,3,20
2020,Allopurinol,ALLOPURINOL,AZ,4,4002
2020,Febuxostat,FEBUXOSTAT,AZ,4,130
2020,Febuxostat,ULORIC,AZ,4,20
2020,Allopurinol,ALLOPURINOL,CA,1,47140
2020,Febuxostat,FEBUXOSTAT,CA,1,2109
2020,Febuxostat,ULORIC,CA,1,81
2020,Allopurinol,ALLOPURINOL,CA,2,46184
2020,Febuxostat,FEBUXOSTAT,CA,2,2070
2020,Febuxostat,ULORIC,CA,2,50
2020,Allopurinol,ALLOPURINOL,CA,3,44996
2020,Febuxostat,FEBUXOSTAT,CA,3,2038
2020,Febuxostat,ULORIC,CA,3,48
2020,Allopurinol,ALLOPURINOL,CA,4,31910
2020,Febuxostat,FEBUXOSTAT,CA,4,1359
2020,Febuxostat,ULORIC,CA,4,37
2020,Allopurinol,ALLOPURINOL,CO,1,3290
2020,Febuxostat,FEBUXOSTAT,CO,1,126
2020,Febuxostat,ULORIC,CO,1,59
2020,Allopurinol,ALLOPURINOL,CO,2,3261
2020,Febuxostat,FEBUXOSTAT,CO,2,189
2020,Febuxostat,ULORIC,CO,2,29
2020,Allopurinol,ALLOPURINOL,CO,3,3408
2020,Febuxostat,FEBUXOSTAT,CO,3,189
2020,Febuxostat,ULORIC,CO,3,20
2020,Allopurinol,ALLOPURINOL,CO,4,3309
2020,Febuxostat,FEBUXOSTAT,CO,4,198
2020,Febuxostat,ULORIC,CO,4,20
2020,Allopurinol,ALLOPURINOL,CT,1,2893
2020,Febuxostat,FEBUXOSTAT,CT,1,114
2020,Febuxostat,ULORIC,CT,1,27
2020,Allopurinol,ALLOPURINOL,CT,2,2896
2020,Febuxostat,FEBUXOSTAT,CT,2,141
2020,Febuxostat,ULORIC,CT,2,22
2020,Allopurinol,ALLOPURINOL,CT,3,2860
2020,Febuxostat,FEBUXOSTAT,CT,3,131
2020,Febuxostat,ULORIC,CT,3,23
2020,Allopurinol,ALLOPURINOL,CT,4,2938
2020,Febuxostat,FEBUXOSTAT,CT,4,132
2020,Febuxostat,ULORIC,CT,4,20
2020,Allopurinol,ALLOPURINOL,DC,1,1247
2020,Febuxostat,FEBUXOSTAT,DC,1,20
2020,Allopurinol,ALLOPURINOL,DC,2,1200
2020,Febuxostat,FEBUXOSTAT,DC,2,30
2020,Allopurinol,ALLOPURINOL,DC,3,1187
2020,Febuxostat,FEBUXOSTAT,DC,3,50
2020,Allopurinol,ALLOPURINOL,DC,4,930
2020,Febuxostat,FEBUXOSTAT,DC,4,30
2020,Allopurinol,ALLOPURINOL,DE,1,1052
2020,Febuxostat,FEBUXOSTAT,DE,1,50
2020,Febuxostat,ULORIC,DE,1,10
2020,Allopurinol,ALLOPURINOL,DE,2,1117
2020,Febuxostat,FEBUXOSTAT,DE,2,50
2020,Febuxostat,ULORIC,DE,2,10
2020,Allopurinol,ALLOPURINOL,DE,3,1062
2020,Febuxostat,FEBUXOSTAT,DE,3,50
2020,Febuxostat,ULORIC,DE,3,10
2020,Allopurinol,ALLOPURINOL,DE,4,1028
2020,Febuxostat,FEBUXOSTAT,DE,4,50
2020,Febuxostat,ULORIC,DE,4,10
2020,Allopurinol,ALLOPURINOL,FL,1,8689
2020,Febuxostat,FEBUXOSTAT,FL,1,142
2020,Febuxostat,ULORIC,FL,1,41
2020,Allopurinol,ALLOPURINOL,FL,2,8640
2020,Febuxostat,FEBUXOSTAT,FL,2,168
2020,Febuxostat,ULORIC,FL,2,36
2020,Allopurinol,ALLOPURINOL,FL,3,8759
2020,Febuxostat,FEBUXOSTAT,FL,3,181
2020,Febuxostat,ULORIC,FL,3,34
2020,Allopurinol,ALLOPURINOL,FL,4,8692
2020,Febuxostat,FEBUXOSTAT,FL,4,186
2020,Febuxostat,ULORIC,FL,4,30
2020,Allopurinol,ALLOPURINOL,GA,1,6384
2020,Febuxostat,FEBUXOSTAT,GA,1,30
2020,Febuxostat,ULORIC,GA,1,126
2020,Allopurinol,ALLOPURINOL,GA,2,6369
2020,Febuxostat,FEBUXOSTAT,GA,2,40
2020,Febuxostat,ULORIC,GA,2,81
2020,Allopurinol,ALLOPURINOL,GA,3,5767
2020,Febuxostat,FEBUXOSTAT,GA,3,50
2020,Febuxostat,ULORIC,GA,3,52
2020,Allopurinol,ALLOPURINOL,GA,4,5225
2020,Febuxostat,FEBUXOSTAT,GA,4,50
2020,Febuxostat,ULORIC,GA,4,49
2020,Allopurinol,ALLOPURINOL,HI,1,3955
2020,Febuxostat,FEBUXOSTAT,HI,1,231
2020,Febuxostat,ULORIC,HI,1,20
2020,Allopurinol,ALLOPURINOL,HI,2,4047
2020,Febuxostat,FEBUXOSTAT,HI,2,246
2020,Febuxostat,ULORIC,HI,2,20
2020,Allopurinol,ALLOPURINOL,HI,3,3833
2020,Febuxostat,FEBUXOSTAT,HI,3,263
2020,Allopurinol,ALLOPURINOL,HI,4,3894
2020,Febuxostat,FEBUXOSTAT,HI,4,267
2020,Febuxostat,ULORIC,HI,4,10
2020,Allopurinol,ALLOPURINOL,IA,1,1573
2020,Febuxostat,FEBUXOSTAT,IA,1,60
2020,Febuxostat,ULORIC,IA,1,10
2020,Allopurinol,ALLOPURINOL,IA,2,1491
2020,Febuxostat,FEBUXOSTAT,IA,2,74
2020,Febuxostat,ULORIC,IA,2,10
2020,Allopurinol,ALLOPURINOL,IA,3,3156
2020,Febuxostat,FEBUXOSTAT,IA,3,83
2020,Febuxostat,ULORIC,IA,3,10
2020,Allopurinol,ALLOPURINOL,IA,4,2704
2020,Febuxostat,FEBUXOSTAT,IA,4,115
2020,Febuxostat,ULORIC,IA,4,10
2020,Allopurinol,ALLOPURINOL,ID,1,1204
2020,Febuxostat,FEBUXOSTAT,ID,1,10
2020,Febuxostat,ULORIC,ID,1,23
2020,Allopurinol,ALLOPURINOL,ID,2,1419
2020,Febuxostat,FEBUXOSTAT,ID,2,10
2020,Febuxostat,ULORIC,ID,2,27
2020,Allopurinol,ALLOPURINOL,ID,3,1592
2020,Febuxostat,FEBUXOSTAT,ID,3,20
2020,Febuxostat,ULORIC,ID,3,33
2020,Allopurinol,ALLOPURINOL,ID,4,1701
2020,Febuxostat,FEBUXOSTAT,ID,4,10
2020,Febuxostat,ULORIC,ID,4,34
2020,Allopurinol,ALLOPURINOL,IL,1,15440
2020,Febuxostat,FEBUXOSTAT,IL,1,173
2020,Febuxostat,ULORIC,IL,1,43
2020,Allopurinol,ALLOPURINOL,IL,2,14893
2020,Febuxostat,FEBUXOSTAT,IL,2,168
2020,Febuxostat,ULORIC,IL,2,26
2020,Allopurinol,ALLOPURINOL,IL,3,13822
2020,Febuxostat,FEBUXOSTAT,IL,3,168
2020,Febuxostat,ULORIC,IL,3,24
2020,Allopurinol,ALLOPURINOL,IL,4,7692
2020,Febuxostat,FEBUXOSTAT,IL,4,119
2020,Febuxostat,ULORIC,IL,4,10
2020,Allopurinol,ALLOPURINOL,IN,1,5473
2020,Febuxostat,FEBUXOSTAT,IN,1,354
2020,Febuxostat,ULORIC,IN,1,10
2020,Allopurinol,ALLOPURINOL,IN,2,5502
2020,Febuxostat,FEBUXOSTAT,IN,2,303
2020,Febuxostat,ULORIC,IN,2,10
2020,Allopurinol,ALLOPURINOL,IN,3,5731
2020,Febuxostat,FEBUXOSTAT,IN,3,327
2020,Febuxostat,ULORIC,IN,3,10
2020,Allopurinol,ALLOPURINOL,IN,4,5155
2020,Febuxostat,FEBUXOSTAT,IN,4,283
2020,Febuxostat,ULORIC,IN,4,10
2020,Allopurinol,ALLOPURINOL,KS,1,1043
2020,Febuxostat,FEBUXOSTAT,KS,1,99
2020,Febuxostat,ULORIC,KS,1,10
2020,Allopurinol,ALLOPURINOL,KS,2,992
2020,Febuxostat,FEBUXOSTAT,KS,2,75
2020,Febuxostat,ULORIC,KS,2,10
2020,Allopurinol,ALLOPURINOL,KS,3,981
2020,Febuxostat,FEBUXOSTAT,KS,3,80
2020,Febuxostat,ULORIC,KS,3,10
2020,Allopurinol,ALLOPURINOL,KS,4,520
2020,Febuxostat,FEBUXOSTAT,KS,4,40
2020,Allopurinol,ALLOPURINOL,KY,1,10809
2020,Allopurinol,ALLOPURINOL AVPAK,KY,1,10
2020,Febuxostat,FEBUXOSTAT,KY,1,585
2020,Febuxostat,ULORIC,KY,1,30
2020,Allopurinol,ALLOPURINOL,KY,2,10234
2020,Febuxostat,FEBUXOSTAT,KY,2,553
2020,Febuxostat,ULORIC,KY,2,30
2020,Allopurinol,ALLOPURINOL,KY,3,10754
2020,Febuxostat,FEBUXOSTAT,KY,3,529
2020,Febuxostat,ULORIC,KY,3,40
2020,Allopurinol,ALLOPURINOL,KY,4,10431
2020,Febuxostat,FEBUXOSTAT,KY,4,523
2020,Febuxostat,ULORIC,KY,4,40
2020,Allopurinol,ALLOPURINOL,LA,1,9444
2020,Febuxostat,FEBUXOSTAT,LA,1,215
2020,Febuxostat,ULORIC,LA,1,30
2020,Allopurinol,ALLOPURINOL,LA,2,9795
2020,Febuxostat,FEBUXOSTAT,LA,2,195
2020,Febuxostat,ULORIC,LA,2,20
2020,Allopurinol,ALLOPURINOL,LA,3,10003
2020,Febuxostat,FEBUXOSTAT,LA,3,195
2020,Febuxostat,ULORIC,LA,3,20
2020,Allopurinol,ALLOPURINOL,LA,4,10149
2020,Febuxostat,FEBUXOSTAT,LA,4,239
2020,Febuxostat,ULORIC,LA,4,20
2020,Allopurinol,ALLOPURINOL,MA,1,7760
2020,Febuxostat,FEBUXOSTAT,MA,1,160
2020,Febuxostat,ULORIC,MA,1,114
2020,Allopurinol,ALLOPURINOL,MA,2,6732
2020,Febuxostat,FEBUXOSTAT,MA,2,220
2020,Febuxostat,ULORIC,MA,2,70
2020,Allopurinol,ALLOPURINOL,MA,3,6293
2020,Febuxostat,FEBUXOSTAT,MA,3,219
2020,Febuxostat,ULORIC,MA,3,10
2020,Allopurinol,ALLOPURINOL,MA,4,6254
2020,Febuxostat,FEBUXOSTAT,MA,4,222
2020,Febuxostat,ULORIC,MA,4,10
2020,Allopurinol,ALLOPURINOL,MD,1,4973
2020,Febuxostat,FEBUXOSTAT,MD,1,183
2020,Febuxostat,ULORIC,MD,1,20
2020,Allopurinol,ALLOPURINOL,MD,2,5279
2020,Febuxostat,FEBUXOSTAT,MD,2,206
2020,Febuxostat,ULORIC,MD,2,20
2020,Allopurinol,ALLOPURINOL,MD,3,5306
2020,Febuxostat,FEBUXOSTAT,MD,3,165
2020,Febuxostat,ULORIC,MD,3,20
2020,Allopurinol,ALLOPURINOL,MD,4,5425
2020,Febuxostat,FEBUXOSTAT,MD,4,211
2020,Febuxostat,ULORIC,MD,4,20
2020,Allopurinol,ALLOPURINOL,ME,1,535
2020,Febuxostat,FEBUXOSTAT,ME,1,10
2020,Febuxostat,ULORIC,ME,1,35
2020,Allopurinol,ALLOPURINOL,ME,2,582
2020,Febuxostat,FEBUXOSTAT,ME,2,20
2020,Febuxostat,ULORIC,ME,2,33
2020,Allopurinol,ALLOPURINOL,ME,3,633
2020,Febuxostat,FEBUXOSTAT,ME,3,40
2020,Febuxostat,ULORIC,ME,3,28
2020,Allopurinol,ALLOPURINOL,ME,4,640
2020,Febuxostat,FEBUXOSTAT,ME,4,30
2020,Febuxostat,ULORIC,ME,4,20
2020,Allopurinol,ALLOPURINOL,MI,1,13604
2020,Febuxostat,FEBUXOSTAT,MI,1,276
2020,Febuxostat,ULORIC,MI,1,30
2020,Allopurinol,ALLOPURINOL,MI,2,13228
2020,Febuxostat,FEBUXOSTAT,MI,2,249
2020,Febuxostat,ULORIC,MI,2,30
2020,Allopurinol,ALLOPURINOL,MI,3,13359
2020,Febuxostat,FEBUXOSTAT,MI,3,259
2020,Febuxostat,ULORIC,MI,3,20
2020,Allopurinol,ALLOPURINOL,MI,4,11269
2020,Febuxostat,FEBUXOSTAT,MI,4,218
2020,Febuxostat,ULORIC,MI,4,20
2020,Allopurinol,ALLOPURINOL,MN,1,5992
2020,Febuxostat,FEBUXOSTAT,MN,1,230
2020,Febuxostat,ULORIC,MN,1,30
2020,Allopurinol,ALLOPURINOL,MN,2,5559
2020,Febuxostat,FEBUXOSTAT,MN,2,181
2020,Febuxostat,ULORIC,MN,2,30
2020,Allopurinol,ALLOPURINOL,MN,3,5376
2020,Allopurinol,ALLOPURINOL AVPAK,MN,3,10
2020,Febuxostat,FEBUXOSTAT,MN,3,167
2020,Febuxostat,ULORIC,MN,3,30
2020,Allopurinol,ALLOPURINOL,MN,4,5058
2020,Febuxostat,FEBUXOSTAT,MN,4,179
2020,Febuxostat,ULORIC,MN,4,30
2020,Allopurinol,ALLOPURINOL,MO,1,3948
2020,Febuxostat,FEBUXOSTAT,MO,1,135
2020,Febuxostat,ULORIC,MO,1,10
2020,Allopurinol,ALLOPURINOL,MO,2,3896
2020,Febuxostat,FEBUXOSTAT,MO,2,120
2020,Febuxostat,ULORIC,MO,2,10
2020,Allopurinol,ALLOPURINOL,MO,3,4581
2020,Allopurinol,ALLOPURINOL AVPAK,MO,3,10
2020,Febuxostat,FEBUXOSTAT,MO,3,124
2020,Febuxostat,ULORIC,MO,3,10
2020,Allopurinol,ALLOPURINOL,MO,4,4409
2020,Febuxostat,FEBUXOSTAT,MO,4,104
2020,Febuxostat,ULORIC,MO,4,10
2020,Allopurinol,ALLOPURINOL,MS,1,1963
2020,Febuxostat,FEBUXOSTAT,MS,1,70
2020,Febuxostat,ULORIC,MS,1,51
2020,Allopurinol,ALLOPURINOL,MS,2,2071
2020,Allopurinol,ALLOPURINOL AVPAK,MS,2,10
2020,Febuxostat,FEBUXOSTAT,MS,2,110
2020,Febuxostat,ULORIC,MS,2,46
2020,Allopurinol,ALLOPURINOL,MS,3,2031
2020,Febuxostat,FEBUXOSTAT,MS,3,90
2020,Febuxostat,ULORIC,MS,3,30
2020,Allopurinol,ALLOPURINOL,MS,4,2022
2020,Febuxostat,FEBUXOSTAT,MS,4,100
2020,Febuxostat,ULORIC,MS,4,30
2020,Allopurinol,ALLOPURINOL,MT,1,1385
2020,Febuxostat,FEBUXOSTAT,MT,1,70
2020,Febuxostat,ULORIC,MT,1,54
2020,Allopurinol,ALLOPURINOL,MT,2,1405
2020,Febuxostat,FEBUXOSTAT,MT,2,90
2020,Febuxostat,ULORIC,MT,2,40
2020,Allopurinol,ALLOPURINOL,MT,3,1396
2020,Febuxostat,FEBUXOSTAT,MT,3,90
2020,Febuxostat,ULORIC,MT,3,29
2020,Allopurinol,ALLOPURINOL,MT,4,1423
2020,Febuxostat,FEBUXOSTAT,MT,4,94
2020,Febuxostat,ULORIC,MT,4,20
2020,Allopurinol,ALLOPURINOL,NC,1,3479
2020,Febuxostat,FEBUXOSTAT,NC,1,272
2020,Febuxostat,ULORIC,NC,1,24
2020,Allopurinol,ALLOPURINOL,NC,2,2558
2020,Febuxostat,FEBUXOSTAT,NC,2,122
2020,Febuxostat,ULORIC,NC,2,20
2020,Allopurinol,ALLOPURINOL,NC,3,7022
2020,Febuxostat,FEBUXOSTAT,NC,3,492
2020,Febuxostat,ULORIC,NC,3,50
2020,Allopurinol,ALLOPURINOL,NC,4,3952
2020,Febuxostat,FEBUXOSTAT,NC,4,282
2020,Febuxostat,ULORIC,NC,4,20
2020,Allopurinol,ALLOPURINOL,ND,1,447
2020,Febuxostat,FEBUXOSTAT,ND,1,40
2020,Allopurinol,ALLOPURINOL,ND,2,466
2020,Febuxostat,FEBUXOSTAT,ND,2,50
2020,Allopurinol,ALLOPURINOL,ND,3,516
2020,Febuxostat,FEBUXOSTAT,ND,3,50
2020,Allopurinol,ALLOPURINOL,ND,4,477
2020,Febuxostat,FEBUXOSTAT,ND,4,50
2020,Allopurinol,ALLOPURINOL,NE,1,700
2020,Febuxostat,FEBUXOSTAT,NE,1,50
2020,Febuxostat,ULORIC,NE,1,10
2020,Allopurinol,ALLOPURINOL,NE,2,666
2020,Febuxostat,FEBUXOSTAT,NE,2,50
2020,Febuxostat,ULORIC,NE,2,20
2020,Allopurinol,ALLOPURINOL,NE,3,666
2020,Febuxostat,FEBUXOSTAT,NE,3,40
2020,Febuxostat,ULORIC,NE,3,10
2020,Allopurinol,ALLOPURINOL,NE,4,757
2020,Febuxostat,FEBUXOSTAT,NE,4,80
2020,Febuxostat,ULORIC,NE,4,20
2020,Allopurinol,ALLOPURINOL,NH,1,716
2020,Febuxostat,FEBUXOSTAT,NH,1,30
2020,Febuxostat,ULORIC,NH,1,10
2020,Allopurinol,ALLOPURINOL,NH,2,737
2020,Febuxostat,FEBUXOSTAT,NH,2,20
2020,Febuxostat,ULORIC,NH,2,10
2020,Allopurinol,ALLOPURINOL,NH,3,749
2020,Febuxostat,FEBUXOSTAT,NH,3,30
2020,Febuxostat,ULORIC,NH,3,20
2020,Allopurinol,ALLOPURINOL,NH,4,791
2020,Febuxostat,FEBUXOSTAT,NH,4,40
2020,Febuxostat,ULORIC,NH,4,20
2020,Allopurinol,ALLOPURINOL,NJ,1,6337
2020,Febuxostat,FEBUXOSTAT,NJ,1,275
2020,Febuxostat,ULORIC,NJ,1,10
2020,Allopurinol,ALLOPURINOL,NJ,2,5924
2020,Febuxostat,FEBUXOSTAT,NJ,2,256
2020,Febuxostat,ULORIC,NJ,2,10
2020,Allopurinol,ALLOPURINOL,NJ,3,5927
2020,Febuxostat,FEBUXOSTAT,NJ,3,222
2020,Allopurinol,ALLOPURINOL,NJ,4,3951
2020,Febuxostat,FEBUXOSTAT,NJ,4,181
2020,Allopurinol,ALLOPURINOL,NM,1,186
2020,Allopurinol,ALLOPURINOL,NM,2,2518
2020,Febuxostat,FEBUXOSTAT,NM,2,86
2020,Febuxostat,ULORIC,NM,2,10
2020,Allopurinol,ALLOPURINOL,NM,3,2462
2020,Febuxostat,FEBUXOSTAT,NM,3,96
2020,Febuxostat,ULORIC,NM,3,20
2020,Allopurinol,ALLOPURINOL,NM,4,2299
2020,Febuxostat,FEBUXOSTAT,NM,4,76
2020,Febuxostat,ULORIC,NM,4,20
2020,Allopurinol,ALLOPURINOL,NV,1,3768
2020,Febuxostat,FEBUXOSTAT,NV,1,128
2020,Febuxostat,ULORIC,NV,1,44
2020,Allopurinol,ALLOPURINOL,NV,2,3837
2020,Febuxostat,FEBUXOSTAT,NV,2,151
2020,Febuxostat,ULORIC,NV,2,42
2020,Allopurinol,ALLOPURINOL,NV,3,4058
2020,Febuxostat,FEBUXOSTAT,NV,3,156
2020,Febuxostat,ULORIC,NV,3,55
2020,Allopurinol,ALLOPURINOL,NV,4,3831
2020,Febuxostat,FEBUXOSTAT,NV,4,123
2020,Febuxostat,ULORIC,NV,4,42
2020,Allopurinol,ALLOPURINOL,NY,1,25090
2020,Febuxostat,FEBUXOSTAT,NY,1,1002
2020,Febuxostat,ULORIC,NY,1,81
2020,Allopurinol,ALLOPURINOL,NY,2,24610
2020,Febuxostat,FEBUXOSTAT,NY,2,974
2020,Febuxostat,ULORIC,NY,2,69
2020,Allopurinol,ALLOPURINOL,NY,3,26571
2020,Febuxostat,FEBUXOSTAT,NY,3,917
2020,Febuxostat,ULORIC,NY,3,56
2020,Allopurinol,ALLOPURINOL,NY,4,24289
2020,Febuxostat,FEBUXOSTAT,NY,4,819
2020,Febuxostat,ULORIC,NY,4,55
2020,Allopurinol,ALLOPURINOL,OH,1,18126
2020,Febuxostat,FEBUXOSTAT,OH,1,583
2020,Febuxostat,ULORIC,OH,1,46
2020,Allopurinol,ALLOPURINOL,OH,2,17870
2020,Febuxostat,FEBUXOSTAT,OH,2,519
2020,Febuxostat,ULORIC,OH,2,47
2020,Allopurinol,ALLOPURINOL,OH,3,17086
2020,Febuxostat,FEBUXOSTAT,OH,3,445
2020,Febuxostat,ULORIC,OH,3,58
2020,Allopurinol,ALLOPURINOL,OH,4,12108
2020,Febuxostat,FEBUXOSTAT,OH,4,310
2020,Febuxostat,ULORIC,OH,4,40
2020,Allopurinol,ALLOPURINOL,OK,1,1192
2020,Febuxostat,FEBUXOSTAT,OK,1,83
2020,Febuxostat,ULORIC,OK,1,20
2020,Allopurinol,ALLOPURINOL,OK,2,1264
2020,Febuxostat,FEBUXOSTAT,OK,2,80
2020,Febuxostat,ULORIC,OK,2,20
2020,Allopurinol,ALLOPURINOL,OK,3,1282
2020,Febuxostat,FEBUXOSTAT,OK,3,84
2020,Febuxostat,ULORIC,OK,3,20
2020,Allopurinol,ALLOPURINOL,OK,4,1221
2020,Febuxostat,FEBUXOSTAT,OK,4,85
2020,Febuxostat,ULORIC,OK,4,20
2020,Allopurinol,ALLOPURINOL,OR,1,5294
2020,Febuxostat,FEBUXOSTAT,OR,1,112
2020,Febuxostat,ULORIC,OR,1,30
2020,Allopurinol,ALLOPURINOL,OR,2,5188
2020,Febuxostat,FEBUXOSTAT,OR,2,136
2020,Febuxostat,ULORIC,OR,2,20
2020,Allopurinol,ALLOPURINOL,OR,3,5272
2020,Febuxostat,FEBUXOSTAT,OR,3,149
2020,Febuxostat,ULORIC,OR,3,10
2020,Allopurinol,ALLOPURINOL,OR,4,4400
2020,Febuxostat,FEBUXOSTAT,OR,4,138
2020,Febuxostat,ULORIC,OR,4,10
2020,Allopurinol,ALLOPURINOL,PA,1,10610
2020,Febuxostat,FEBUXOSTAT,PA,1,288
2020,Febuxostat,ULORIC,PA,1,29
2020,Allopurinol,ALLOPURINOL,PA,2,10075
2020,Febuxostat,FEBUXOSTAT,PA,2,263
2020,Febuxostat,ULORIC,PA,2,20
2020,Allopurinol,ALLOPURINOL,PA,3,10421
2020,Febuxostat,FEBUXOSTAT,PA,3,267
2020,Febuxostat,ULORIC,PA,3,26
2020,Allopurinol,ALLOPURINOL,PA,4,6308
2020,Febuxostat,FEBUXOSTAT,PA,4,196
2020,Febuxostat,ULORIC,PA,4,20
2020,Allopurinol,ALLOPURINOL,RI,1,1165
2020,Febuxostat,FEBUXOSTAT,RI,1,73
2020,Febuxostat,ULORIC,RI,1,10
2020,Allopurinol,ALLOPURINOL,RI,2,1278
2020,Febuxostat,FEBUXOSTAT,RI,2,60
2020,Febuxostat,ULORIC,RI,2,10
2020,Allopurinol,ALLOPURINOL,RI,3,1289
2020,Febuxostat,FEBUXOSTAT,RI,3,74
2020,Allopurinol,ALLOPURINOL,RI,4,1337
2020,Febuxostat,FEBUXOSTAT,RI,4,70
2020,Febuxostat,ULORIC,RI,4,10
2020,Allopurinol,ALLOPURINOL,SC,1,2189
2020,Febuxostat,FEBUXOSTAT,SC,1,141
2020,Febuxostat,ULORIC,SC,1,30
2020,Allopurinol,ALLOPURINOL,SC,2,2073
2020,Febuxostat,FEBUXOSTAT,SC,2,168
2020,Febuxostat,ULORIC,SC,2,30
2020,Allopurinol,ALLOPURINOL,SC,3,2297
2020,Febuxostat,FEBUXOSTAT,SC,3,147
2020,Febuxostat,ULORIC,SC,3,30
2020,Allopurinol,ALLOPURINOL,SC,4,1706
2020,Febuxostat,FEBUXOSTAT,SC,4,154
2020,Febuxostat,ULORIC,SC,4,10
2020,Allopurinol,ALLOPURINOL,SD,1,281
2020,Febuxostat,FEBUXOSTAT,SD,1,30
2020,Allopurinol,ALLOPURINOL,SD,2,312
2020,Febuxostat,FEBUXOSTAT,SD,2,30
2020,Allopurinol,ALLOPURINOL,SD,3,339
2020,Febuxostat,FEBUXOSTAT,SD,3,40
2020,Allopurinol,ALLOPURINOL,SD,4,321
2020,Febuxostat,FEBUXOSTAT,SD,4,30
2020,Allopurinol,ALLOPURINOL,TN,1,4988
2020,Febuxostat,FEBUXOSTAT,TN,1,120
2020,Febuxostat,ULORIC,TN,1,69
2020,Allopurinol,ALLOPURINOL,TN,2,5269
2020,Febuxostat,FEBUXOSTAT,TN,2,153
2020,Febuxostat,ULORIC,TN,2,44
2020,Allopurinol,ALLOPURINOL,TN,3,5122
2020,Febuxostat,FEBUXOSTAT,TN,3,160
2020,Febuxostat,ULORIC,TN,3,30
2020,Allopurinol,ALLOPURINOL,TN,4,5112
2020,Febuxostat,FEBUXOSTAT,TN,4,169
2020,Febuxostat,ULORIC,TN,4,28
2020,Allopurinol,ALLOPURINOL,TX,1,7571
2020,Febuxostat,FEBUXOSTAT,TX,1,165
2020,Febuxostat,ULORIC,TX,1,232
2020,Allopurinol,ALLOPURINOL,TX,2,7207
2020,Febuxostat,FEBUXOSTAT,TX,2,197
2020,Febuxostat,ULORIC,TX,2,166
2020,Allopurinol,ALLOPURINOL,TX,3,6846
2020,Allopurinol Sodium,ALLOPURINOL SODIUM,TX,3,10
2020,Febuxostat,FEBUXOSTAT,TX,3,194
2020,Febuxostat,ULORIC,TX,3,118
2020,Allopurinol,ALLOPURINOL,TX,4,6862
2020,Febuxostat,FEBUXOSTAT,TX,4,175
2020,Febuxostat,ULORIC,TX,4,85
2020,Allopurinol,ALLOPURINOL,UT,1,1079
2020,Febuxostat,FEBUXOSTAT,UT,1,84
2020,Febuxostat,ULORIC,UT,1,30
2020,Allopurinol,ALLOPURINOL,UT,2,1213
2020,Febuxostat,FEBUXOSTAT,UT,2,80
2020,Febuxostat,ULORIC,UT,2,10
2020,Allopurinol,ALLOPURINOL,UT,3,1105
2020,Febuxostat,FEBUXOSTAT,UT,3,80
2020,Allopurinol,ALLOPURINOL,UT,4,1121
2020,Febuxostat,FEBUXOSTAT,UT,4,73
2020,Febuxostat,ULORIC,UT,4,10
2020,Allopurinol,ALLOPURINOL,VA,1,7789
2020,Febuxostat,FEBUXOSTAT,VA,1,307
2020,Febuxostat,ULORIC,VA,1,20
2020,Allopurinol,ALLOPURINOL,VA,2,7260
2020,Febuxostat,FEBUXOSTAT,VA,2,296
2020,Febuxostat,ULORIC,VA,2,10
2020,Allopurinol,ALLOPURINOL,VA,3,6727
2020,Febuxostat,FEBUXOSTAT,VA,3,256
2020,Febuxostat,ULORIC,VA,3,20
2020,Allopurinol,ALLOPURINOL,VA,4,6408
2020,Febuxostat,FEBUXOSTAT,VA,4,299
2020,Febuxostat,ULORIC,VA,4,20
2020,Allopurinol,ALLOPURINOL,VT,1,424
2020,Febuxostat,FEBUXOSTAT,VT,1,20
2020,Febuxostat,ULORIC,VT,1,20
2020,Allopurinol,ALLOPURINOL,VT,2,414
2020,Febuxostat,FEBUXOSTAT,VT,2,20
2020,Febuxostat,ULORIC,VT,2,20
2020,Allopurinol,ALLOPURINOL,VT,3,455
2020,Febuxostat,FEBUXOSTAT,VT,3,30
2020,Febuxostat,ULORIC,VT,3,20
2020,Allopurinol,ALLOPURINOL,VT,4,471
2020,Febuxostat,FEBUXOSTAT,VT,4,40
2020,Febuxostat,ULORIC,VT,4,20
2020,Allopurinol,ALLOPURINOL,WA,1,6989
2020,Febuxostat,FEBUXOSTAT,WA,1,152
2020,Febuxostat,ULORIC,WA,1,10
2020,Allopurinol,ALLOPURINOL,WA,2,6912
2020,Febuxostat,FEBUXOSTAT,WA,2,164
2020,Febuxostat,ULORIC,WA,2,30
2020,Allopurinol,ALLOPURINOL,WA,3,7028
2020,Febuxostat,FEBUXOSTAT,WA,3,139
2020,Febuxostat,ULORIC,WA,3,20
2020,Allopurinol,ALLOPURINOL,WA,4,6523
2020,Febuxostat,FEBUXOSTAT,WA,4,132
2020,Febuxostat,ULORIC,WA,4,20
2020,Allopurinol,ALLOPURINOL,WI,1,4347
2020,Febuxostat,FEBUXOSTAT,WI,1,10
2020,Febuxostat,ULORIC,WI,1,281
2020,Allopurinol,ALLOPURINOL,WI,2,4618
2020,Febuxostat,ULORIC,WI,2,288
2020,Allopurinol,ALLOPURINOL,WI,3,4793
2020,Febuxostat,ULORIC,WI,3,258
2020,Allopurinol,ALLOPURINOL,WI,4,4937
2020,Febuxostat,ULORIC,WI,4,248
2020,Allopurinol,ALLOPURINOL,WV,1,4231
2020,Febuxostat,FEBUXOSTAT,WV,1,101
2020,Febuxostat,ULORIC,WV,1,32
2020,Allopurinol,ALLOPURINOL,WV,2,4024
2020,Febuxostat,FEBUXOSTAT,WV,2,104
2020,Febuxostat,ULORIC,WV,2,28
2020,Allopurinol,ALLOPURINOL,WV,3,3895
2020,Febuxostat,FEBUXOSTAT,WV,3,90
2020,Febuxostat,ULORIC,WV,3,42
2020,Allopurinol,ALLOPURINOL,WV,4,3551
2020,Febuxostat,FEBUXOSTAT,WV,4,97
2020,Febuxostat,ULORIC,WV,4,26
2020,Allopurinol,ALLOPURINOL,WY,1,246
2020,Allopurinol,ALLOPURINOL,WY,2,206
2020,Allopurinol,ALLOPURINOL,WY,3,238
2020,Febuxostat,ULORIC,WY,3,10
2020,Allopurinol,ALLOPURINOL,WY,4,222
2020,Febuxostat,ULORIC,WY,4,10
